topic,prompt,sample_id,generated_poem
alone,Write a poem about alone:,0,
alone,Write a poem about alone:,1,"When you were alone, your home is empty
It's a small place in the middle of nowhere,
So you go out with a smile
And make the best of it
You don't want to get in the way,
So try not to get up in the middle of the night,
And to have some good sleep,
You have to sleep well all night,
You get into some great moods
It's not the time when you're feeling the way you"
alone,Write a poem about alone:,2,"the pain, the loneliness, the feeling, the loneliness - or just read and write about yourself and how much you love yourself and that's fine. The loneliness is something you're not able to describe with words. Just don't say it out loud.
-Karen, 8-01-14


My story is as good as any. But when I write about myself I don't do that. I write it down as I walk along the pavement and it becomes easier to believe."
america,Write a poem about america:,0,"You know it's true and you think it matters
You know it's true and you think it matters
If it's true it's for America that's why
America is a wonderful nation
America is great and America is the best of all
America is a wonderful country,
America's America is great and our world's greatest
America is great and our world's greatest
America is great and its great for everybody
America is great and its great for everyone,
America is"
america,Write a poem about america:,1,"america - the place where you feel so lucky. - or you just can't.
For over 2 years people have been asking me, ""why does this place have so many people?"" I have always said that it was because of the beauty of america. If people are looking for it that's what america is all about.
When you visit america there is so much beauty in it!
For me, when I was a kid in the 1920's and '30's"
america,Write a poem about america:,2,"You know you can sing the blues in a country without any trouble,
You have nothing to fear about being a racist...
It's only a matter of time before something changes...
America is not a country you love
You have everything you need, your country is your country.
You won't get along with any of the people,
They've tried to get by on nothing and won't try any harder
America is a country you love.
It's just a matter"
angel,Write a poem about angel:,0,"""How much do you think it's going to cost me?""
The angels I loved, you know,
I love them when I love you. They make me feel good.
I love angels to be with you,
Even if they're not going to kill me.
And when they do,
It won't be to you anymore.
But I'll see you again next time,
For I know you are coming back,
For you know I've come back with"
angel,Write a poem about angel:,1,"With a bow and arrow at the head,
Let him hold me with his arm,
Let me say it aloud,
Let him make me his friend.


We could sing in the same voice
In the same breath,
And we could sing it in tongues,
And we could sing it in hearts
And we could sing it in hearts
And we could sing it in hearts
And we could sing it in hearts
And we could sing it in hearts"
angel,Write a poem about angel:,2,"The way the poet's poems may be described is very simple. If there are three or four poems to be told, they may be the most obvious of them. There are three kinds of angelic beings. Angels in a certain way are like a kind of angel that moves with the wind. Angels do things that are out of place or out of order, but they also do things that are out of place or out of order. Angels are like angels in the sense that they do things that"
anger,Write a poem about anger:,0,"Laugh,
For it's been given me,
And its given me for joy,
When my tears have become wet:
My heart is broken,
My heart is broken
And my heart is broken
I love my father,
Laughing and crying
It's been given me for joy
And its given me for joy
When my tears have become wet:
My heart is broken,
My heart is broken
And my heart is broken
So I"
anger,Write a poem about anger:,1,"Your anger is the only thing to be left to hold
You can't fight without pain,
You can't let your anger overpower you
It can be very personal,
And it's your fault for not saying it,
You'll find it hard to make up your mind
Your anger is just the most obvious thing
But there is one person you can help
Who does that to your anger?
You are just one of many to blame,
Who can see this as"
anger,Write a poem about anger:,2,"A poem of anger is to anger the heart
And its true effect is that it makes your life easier
And it leads to a happier life
If it is true that you cannot feel anger or anger
As the poem says, it is a true expression of your self-love
With anger and anger is the life that is good.
And as the poem says, all your life is more happiness
And your heart is just like a piece of paper.
When you are angry"
animal,Write a poem about animal:,0,"You must love to get a handle on animals in your life:
A love for animals is an art
and a way to get one's focus
in life.
In your dreams and actions you will come to realize your love for animals
will be an art
and a way to get one's focus
in life.
~Iris
May be one of the best times of your life
as you live the story you want to tell you.
This poem will tell"
animal,Write a poem about animal:,1,"Hooray, my darling!
I've heard, said the good,
I've spoken my truth and I'm proud.
My darling!
I've seen, said the bad,
I've seen, said the good.
Hooray! my darling!
I'm a happy camper.
My darling!
I've seen my sweet pet,
I'm a happy camper.
My darling!
I've seen my sweet pet,
I"
animal,Write a poem about animal:,2,"It is all well and good to say,
It is all well and good to say:
The dog, the lion,
The dog, the tiger,
The tiger,
The lion,
The tiger,
The lion,
The tiger,
The lion,
The lion,
The tiger,
The lion,
The lion,
The lion,
The lion,
The tiger,
The tiger,
The lion,
The tiger,
The"
baby,Write a poem about baby:,0,"We're not going to sleep this day. We're not going to sleep next morning.
We're not going to sleep today, that's not how we're going to live.
We're not going to sleep tomorrow, we're not going to sleep tomorrow, that's not how we're going to live.
We're not going to sleep tomorrow. We're not going to sleep tomorrow.
We're not going to sleep tomorrow. We're not going to sleep today."
baby,Write a poem about baby:,1,"We talk about the way they are
What they were
Where they came from
How they got there
How they got there
How they got there
How they got there
How they got there
How they got there
How they got there
How they got there
How they got there
How they got there
How they got there
How they got there
Who do we think we are?
What do we think we are?
What do we think we are"
baby,Write a poem about baby:,2,"The one thing that can stop me crying out of my chest is the one thing that can stop the tears.
And I can cry about any of that.
Baby is not a toy that cries about the toys
because it will not cry about a bad thing.
And I can cry about anything.
Baby is not a toy that cry about the toys
because it will not cry about a bad thing.
And I can cry about any of that.
In my mind,"
beach,Write a poem about beach:,0,"I'd like to play with the beach in the morning
In the morning I'll be happy
I'll be happy to play with the beach in the morning,
You'll be proud to play with the beach on a big beach
When the sun shines it will be pretty,
It'll be nice to play with the beach on a big beach,
Or it will be nice to play with the beach on a large beach,
You'll be proud to play with the beach on"
beach,Write a poem about beach:,1,"It's a nice day
When the sun shines out
There's something about the water
But it's just the smell of the beach
The ocean is so nice
And the rocks are so beautiful
It's a nice day
When the sun shines out
There's something about the water
But it's just the smell of the beach
The ocean is so nice
And the rocks are so beautiful
It's a nice day
It's the day we go to the beach"
beach,Write a poem about beach:,2,"Beautiful, clean, clean
Beautiful, clean,
Beautiful, clean,
Beautiful, clean,
Beautiful, clean,
Beautiful, clean,
Beautiful, clean,
Beautiful, clean,
Beautiful, clean,
Beautiful, clean,
Beautiful, clean,
Beautiful, clean,
Beautiful, clean,
Beautiful, clean,
Beautiful, clean,
Beautiful, clean,
Beautiful"
beautiful,Write a poem about beautiful:,0,"The poem, I will sing it, and sing it to the world.
I am the hero of the story.
I am the hero of the poem.
I am the hero of the poem.
I am the hero of the poem.
I am the hero of the poem.
I am the hero of the poem.
I am the hero of the poem.
I am the hero of the poem.
I am the hero of the poem.
I am the"
beautiful,Write a poem about beautiful:,1,"A poem about beautiful:
A poem about beautiful:
A poem about beautiful:
A poem about beautiful:
A poem about beautiful:
An poem about beautiful:
A poem about beautiful:
A poem about beautiful:
A poem about beautiful:
A poem about beautiful:
A poem about beautiful:
A poem about beautiful:
A poem about beautiful:
An poem about beautiful:
A poem about beautiful:
An poem about beautiful:
An poem about"
beautiful,Write a poem about beautiful:,2,"Love is the soul of the day
The love of love is the life of the night
It is a mystery for us to find, but we do it nonetheless
Because love is a life.
Love is a mystery for us to find, but we do it nonetheless
Love is a mystery for us to find, but we do it nonetheless
Love is a mystery for us to find, but we do it nonetheless
Love is a mystery for us to find, but we do it"
beauty,Write a poem about beauty:,0,"'The love of a tree is a great one, but the love of a tree is vain.'
'No trees, but the sky; I wish my dreams to be made good.'
'Beauty is a sweet and good idea,' says a noble poet,
But the love of a tree is vain.
And as in life they go by the wayside,
With the sun shining up and the moon down.
And the hope of a tree is vain.'
'"
beauty,Write a poem about beauty:,1,"Wisdom must be taught to children. And that wisdom must be taught to them.
The beauty of the young is such that they will know it.
But the beauty of the young is such that they will not need to have the knowledge.
This is the same beauty that they cannot acquire in the world,
The same beauty that they will not acquire with their own hands.
The beauty of the young is such that they will not have the knowledge in the world.
Their"
beauty,Write a poem about beauty:,2,"Beauty is not the color of the sky or the air,
Beauty is the color of the earth or the sky,
Beauty is the color of the star.
Beauty is not the color of the sky,
Beauty is the color of the sun.
Beauty is not the color of the moon or the stars.
Beauty is not the color of the moon or the stars.
Beauty is the color of the stars and the moon,"
believe,Write a poem about believe:,0,"He said, 'I believe,'
""It is not a dream,
The only thing that is true is what I want to see.
The only thing that matters is that there is one who will help me
To carry out my dream of living forever.""
—Abraham Lincoln
The Prophet,
(May the Lord be with you,
Your love for me is greater than you and the glory of heaven.
I am your Lord, and I am your God."
believe,Write a poem about believe:,1,"I would like to ask what you think.
In your heart
You know I would like to ask what you think.
So I just say:
My heart is the best
I've ever seen
The world's greatest human being
I'm not a bad poet
I've never loved another human being
I love life's most beautiful people
They'll always live in their heart
I love the way they feel
They just like to cry
They've been so happy"
believe,Write a poem about believe:,2,"It's so hard to believe when it's not a lie
Sometimes the best way to remember it is to sing it out
And it's always worth it to sing it
And it's always worth the effort
To remember it is so hard to believe
Sometimes the best way to remember it is to sing it out
And it's always worth the effort
To remember it is the best way to remember it
</p>
You love a poem and it makes you feel special"
birth,Write a poem about birth:,0,"If you have been born to your family or
Your birth date has been changed,
Then you are going to get a new one,
You will have a name, age, and place,
But you will be changed forever.
When the baby is born,
And you have to say ""God Bless You,""
Your birth date will change forever.
Then you will get a new one and
you will be born again as a boy or a girl,
You will"
birth,Write a poem about birth:,1,"A poem about life:
A poem about death:
A poem about fate:
A poem about life:
All poems are written by an author.
The Author:
A poet is a person,
A poet is a person.
A poem is written by an artist.
The Author:
A poem is written by a writer.
The Artist:
A poet is an artist.
The Artist:
The artist is a person.
All poems are written"
birth,Write a poem about birth:,2,"I was born, and I can't go.
In the dark, with the sun.
Like a star,
And in the light,
Like a light,
Like a light,
Like a light.
The air is green.
And I can't go.
You're in an airship.
The wind is white,
and I can't go.
But, you're in an airship.
The wind is white.
And I can"
brother,Write a poem about brother:,0,"You are to be taken away from me.
(Read: ""Mother and brother are sisters
We want them both back together now)
Mother and brother are sisters.
You are a part of my family
"" -I am one with your little ones
"" -I am only human
"" -I live in my own life
"" -I love you and cherish you as
you have been
"" -Mother and brother are the best
"" -It is my duty"
brother,Write a poem about brother:,1,"And the story goes that the man was born
To become his master in youth in youth
For years, he got a certain education
And his first wife was well-nourished
And by years he was the master of the house
And the house he grew up in was a very happy
The house he was built in gave him a kind of place
For when he grew up he kept his house
And he knew that if he worked hard,
He would be able"
brother,Write a poem about brother:,2,"it may be of no interest to the listener, but it will give him a good deal of energy and joy.
A poem, in my opinion, should not be more than one word or little rhyme. However, this poem needs to be given at least a half word in its description; i.e., an idea should be a word in itself.
My father was always well liked and my mother was always at his side. He always liked to listen to me when I was singing"
butterfly,Write a poem about butterfly:,0,"My beautiful flowers are lovely,
My lovely flowers are very beautiful,
My lovely flowers are very beautiful,
My beautiful flowers are beautiful,
My beautiful flowers are beautiful,
And so on,
Your beautiful flowers are beautiful,
And so on,
I love your beautiful flowers,
They look like my flowers,
I love your beautiful flowers,
Love your beautiful flowers
Love your beautiful flowers
Love your beautiful flowers
Love your beautiful flowers
I love your beautiful"
butterfly,Write a poem about butterfly:,1,"The most beautiful thing to come from a flower
Takes us away from the dark,
We see butterflies everywhere, and
Our hearts and minds melt with fear
Of death.
This poem is about butterfly.
The world is filled with butterflies
And we see butterflies everywhere.
We see butterflies with butterflies!
It's a wonder you can fly!
When butterflies are near you
It's not just you that's not afraid
The butterflies are everywhere,
We see"
butterfly,Write a poem about butterfly:,2,"The butterfly will never grow old
And will be happy for life
When a butterfly is a butterfly
And the butterfly is happy for life.
The butterfly will never grow old
And will be happy for life
When a butterfly is a butterfly
And the butterfly is happy for life.
The butterfly will never grow old
And will be happy for life
When a butterfly is a butterfly
And the butterfly is happy for life
When a butterfly is a butterfly
But the butterfly"
car,Write a poem about car:,0,"This is how I remember seeing the train coming
and going
I've never seen it before.
My heart's still racing,
It's not just how I thought it was
I can't believe I'm here.
I've seen the train come
and went… but my heart is racing!
My mind's still racing
I've seen it come
and gone… but my heart is racing!
I've seen the train come
and gone
but my heart"
car,Write a poem about car:,1,"In a car park the sun's out,
and in the wind it's not on.
And in the road it's not on.
You are the sun, the sun's out,
And the wind is not on.
The sun is not shining on
My feet
A little boy I love loves me,
But the sun is not shining on my feet.
Your body's not on my face
A little boy I love loves me,
But the sun"
car,Write a poem about car:,2,"When I'm in my car, it's not hard to talk about cars
But when I'm driving, the car is hard to talk about cars
How much more would this be, how much more would this be,
How much more could this be, how much more would this be,
What would this be?
The car is hard to talk about cars
But the car is hard to talk about cars
How much more would this be, how much more would this be"
carpe diem,Write a poem about carpe diem:,0,"For he said that you had no means
By his right eyes.
So let me tell you,
When I look to the earth,
There is no place I could not have,
In a place like these,
Where the earth lies,
Where the light and air have come;
And my mind is not to die
By my word.
By my love I have never found,
I have never seen.
Let me tell you,
When I see"
carpe diem,Write a poem about carpe diem:,1,"'I'm not afraid'.
'I'm not afraid'; 'I'm not afraid'; 'I'm not afraid'; 'I'm not afraid'; 'I'm not afraid'; 'I'm not afraid'; 'I'm not afraid'; 'I'm not afraid'; 'I'm not afraid'.
'I'm not afraid'; 'I'm not afraid'; 'I'm not afraid'; 'I'm not afraid'; 'I'm not afraid'; 'I'm not afraid'; 'I"
carpe diem,Write a poem about carpe diem:,2,"""When my heart is broken, and I am unable to live to a full life,
I sing it aloud as if it were a poem.""
The poet sings it again.
""The last man in the world who could take away the world,
His song,
Is a poem,
For we all know who he is,
And who he is not.""
A poem of carpe diem
The poet sang to me
""It is true that our lives"
change,Write a poem about change:,0,"I have the new spirit,
But now I feel no emotion,
And if that spirit is like any other,
My heart is still beating,
But when I do feel it,
I am more alone.
I am a change-maker who doesn't need to be afraid.
To change something I am afraid, I am not afraid to change
But I need my change.
The spirit is my friend.
And I will be more than just a man."
change,Write a poem about change:,1,"Translating a poem into a poem about change:
Translating a poem into a poem about change:
Translating a poem into a poem about change:
Translating a poem into a poem about change:
Translating a poem into a poem about change:
Translating a poem into a poem about change:
Translating a poem into a poem about change:
Translating a poem into a poem about change:
Translating"
change,Write a poem about change:,2,"To change
I'm changing
I am changing
I am changing
I am changing
I am changing
I am changing
I am changing
I am changing
I am changing
I am changing
I am changing
I am changing
I am changing
I am changing
I am changing
I am changing
I am changing
I am changing
I am changing
I am changing
I am changing
I am changing
I am changing
I am changing"
chicago,Write a poem about chicago:,0,"What did your father say when he called me a nigger?
You said, I am a nigger,
You said, I am a nigger,
I had an issue with your mother,
You said, I am a nigger,
I had an issue with your father,
You said, I am a nigger,
I had an issue with your mother,
I gave you a piece of cake
I thought about it every day.
You said"
chicago,Write a poem about chicago:,1,
chicago,Write a poem about chicago:,2,"I like the rhyme.
I can say it.
I'll say it.
I'll say it.
I'll say it.
Let a poem be sung in English:
I want it to be sung,
I want to know it's true.
I don't have to know it's true.
You should sing it, please.
I've tried.
I've tried.
I'm trying.
Please, please, please, please."
childhood,Write a poem about childhood:,0,"I'm not going to sit down for a while
to write a book about my childhood,
because I don't want to feel like it
has made any sense.
But I think you should read my book first,
and then read about my family history,
because there are some very interesting things about my mother,
or about my father, or about my mother.
I'll see how it all ends, but it's not what you want
to read."
childhood,Write a poem about childhood:,1,"""C'est la chère"" (Ouch!)
""I have written that in front of me.""
In the first half of the century, a great many great poems were written.
We've all been in a dream when we are young.
We dream of what they're going to do someday.
""Pour de dépôt,""
""Je vous sommes""
""You will not be a coward if you're a boy."""
childhood,Write a poem about childhood:,2,"A lot of times we live like a kid.
Every day is different.
We never get tired of our own world.
But we miss our homes, our childhoods.
We never get over ourselves.
But we miss the little things about life.
A lot of times we live like a kid.
So we are often overwhelmed by the world and people around us.
Our lives become dull and boring.
And we miss what's really important to us in life"
children,Write a poem about children:,0,"'My first love is to see them in the sun'
Or just a picture of a child:
'Children were my first love and I would never leave her'
Or just a picture of a baby:
'I was afraid she wouldn't love me'
And just a picture of a child:
'Oh, I will love you more than any other child I know'
Then just a poem about children:
'My first love is to see children in the"
children,Write a poem about children:,1,"When we all see you,
We can see you:
You are a star
Who we can touch,
Like a star
Who we can all love,
Like a star
Who we can never hurt
Like a star
Who we can never forget
Like a star
Who we can never forget
Even though we live in a great land
Yet we have to fight against
And we're not sure
We'll make history
Or be forgotten forever
As we"
children,Write a poem about children:,2,
christmas,Write a poem about christmas:,0,"Christmas is one of the holiest days of the year, the time of the most solemn and loving ceremony. And I know I must have to spend Christmas with my children!
The way I think of Christmas in the morning and in the evening is simple, because it is the joy of the Lord Jesus Christ.
The children of Christmas are born into a small family. The world loves them and has given them its blessing. The people come and spend Christmas with them. The family is filled with"
christmas,Write a poem about christmas:,1,"""A beautiful day in a quiet pond,
A golden pond the light of God's love shines.
A merry summer is waiting for us!""
""A merry summer is waiting for you!""
A merry summer is waiting for me!
A merry summer is waiting for me!""
An important poem: ""Christmas is coming.
When the flowers are bright and the morning light is clear,
Christmas is coming.
When the flowers are bright and the morning light is clear
And"
christmas,Write a poem about christmas:,2,"This would give me more time
And you wouldn't have to do it in a day
And I would still be the same
And it would probably make you feel more
Because if you did something like that
When you were growing up
And I wouldn't feel the pain in your eyes
You wouldn't feel pain
And I would still be happy
And I would still have you around
If you didn't try to do it in a day
And I would still be"
cinderella,Write a poem about cinderella:,0,"'She'll have to come down with the dress on, and she'll be as ugly as all of us!'
'She'll be so hot like that.'
'She'll look at me all day, in the mirror!'
'She'll say her mother told her so.'
'She'll cry like the birds of the sky! she'll go out of her way to touch me with her wings,
And I'll be so warm with her hair!'
'She'll"
cinderella,Write a poem about cinderella:,1,"Cinderella is a fairy,
I will sing with her,
Cinderella's fairy is not her
She is not me and she is not me,
Cinderella is not me and she is not me,
It is a matter of choice in her life,
It is a matter of choice in her life,
It is a matter of choice in her life
Cinderella is not mine
Cinderella is not mine
Cinderella is not"
cinderella,Write a poem about cinderella:,2,"The world is filled with the joys of love,
but you will find little that makes the world a better place.
The poem goes on to describe the great joys of love and happiness,
so long as it gives a sense of hope and hope,
giving you something to look forward to.
And we hear about the great joys of love and happiness,
which is sometimes joyous, but it never is.
Our hearts are not filled with happiness, they are"
city,Write a poem about city:,0,"you know, to me this is all about a town, its streets, its streets - not just the streets - but the things inside. These are not just words but ideas.
A city is a place. You get that at the beginning, and at the end,
This is the city of the dead, the city that the dead have been forgotten.
I hear a lot about this city, I hear the dead in a dead city and,
It's not only the dead here"
city,Write a poem about city:,1,"""Why did it make you want to come here?
When you came,
Why were you looking for a place?
For a place where you could talk.
Why did it make you want to come here?
If you could talk to your neighbors,
Who would come to your house,
Who would share your bed,
Where the sun and moon met,
Which of them would you like to fly away?
Why did it make you want to come here?"
city,Write a poem about city:,2,"a poem about the city, about its life
the city is at peace.
There are many things you can do about that
the city is a city to which every one has a duty
It is not just about the city, it is about everyone
and you can live with it all day long
It will be as long as you ever dreamed of
It will be as long as you've thought of it
it will be as long as you've dreamed of it
it will"
courage,Write a poem about courage:,0,"The poem of courage
will be a poem of courage
to the world
and it will inspire you
To be your hero
in our society
because a good courage is one of the best things
in life
And one day you will be your hero
in the world
You will be your hero
in the world
Because your courage is one of the greatest things
in life
because courage is one of the greatest things
in the world
because your courage is one of"
courage,Write a poem about courage:,1,"A poem about bravery is an open book, written by the courageous,
Who has done so, without shame,
And never to the exclusion of others,
No one has heard the last word.
An open book is a book of poems written,
From one source to another.
An open book is a book of poems written,
From one person to another.
An open book is a book of poems written,
From one person to another.
An open book"
courage,Write a poem about courage:,2,"Do you dare to believe that you are right?
To me it is the most wonderful thing
For I could not hear the sighing of a child,
It is the truest thing I ever heard.
O ye young, brave heart!
Your fear is a great thing
That might not be, yet it is worth it!
Do you dare to believe that the great
Will be coming on in one day,
A great fight on earth
That will be more"
crazy,Write a poem about crazy:,0,"It could be said that life is very boring, so you'll get bored after a while
So you might also find some kind of madness, and that you want to go for a stroll,
When you want to do something stupid, or like an adventure, or something that won't be so boring for you,
Well this is what life is like to find some kind of madness, and you'll get bored after a while
So you might also find some kind of madness,"
crazy,Write a poem about crazy:,1,"(the person who loves the idea of crazy is your neighbor)
I want to write this poem for you:
(the person who loves the idea of crazy is your neighbor)
In a way that seems to be more like a story:
(the person who loves the idea of crazy is your neighbor)
And maybe some more fun:
(the person who loves the idea of crazy is your neighbor)
I'm afraid of being the only person who thinks crazy:"
crazy,Write a poem about crazy:,2,"I know that I cannot be sane
For you, I am an idiot:
So to speak, but your dreams will be true
For the other one, who doesn't want to see you grow
From the first dream of yours,
To your mother, mother!
But in reality, it is not right to take my love
And your family:
Therefore, I should not give it,
And should not live the way of a wild goose
And bear you in"
culture,Write a poem about culture:,0,"Or try to do it yourself:
A poem or two from a poem:
Or try to do it yourself
Just for a quick review.
If you're going to try something new, I would suggest a poem from your favorite poet.
When you're done, I urge you to start using your pen.
Your pen may be a little too heavy, or your writing isn't so sharp.
But if you're just starting out, your pen is probably the best place"
culture,Write a poem about culture:,1,"Then write that poem:
A poem about life:
Then write that poem:
A poem about the life:
Then write that poem:
A poem about the life:
A poem about the life:
And a poem about the life:
But the poem must contain a few good points to make a good point:
But the poem must contain a few good points to make a good point:
A poem about the life:
And a poem about the life:"
culture,Write a poem about culture:,2,"My poem is about culture.
And in a poem of my day,
I'd have to have to have to know
the culture of my day.
I'd have to have to know
the culture of my life.
And I'd have to love and adore
my language.
And it would be too much for a fool to understand
the culture of my day.
That's how culture works.
And I would have to know the culture of my day"
dance,Write a poem about dance:,0,"The dance is so important
And so many people are dancing
Just for the thrill of it
I'll dance in the middle of the night.
The dancer needs it
And so many people dance
Just for the thrill of it
This is not a party
This is a real song
To get to the dance
It's a part of life
All dance
And the dance is important
So many people dance
Just for the thrill of it
I'll dance in"
dance,Write a poem about dance:,1,"You dance with me on my way to the club
To make love to your head,
I will dance with you for love's sake
For the love you are to me
In love with you as a boy and girl.
You can dance with me on the road,
To make love to your head,
I will dance with you for love's sake
For the love you are to me.
Now, after this poem, we will dance
And after dancing,"
dance,Write a poem about dance:,2,"""You, my sister, what do you do,
Like a dog?
You are your own worst enemy.
You must be afraid to walk,
Like a dog:
I know you have a sense of humour;
And I love to dance.
You must dance like an animal,
Like the dog:
You must be the best dancer in the world.
You must dance like the dog:
I cannot dance the way you should be.
You must"
dark,Write a poem about dark:,0,"For it shall lie the land of the moon,
And all night, the light of the sun shall shine,
In the sun-filled night, the earth of the sky,
In all day, the stars shall not appear,
For darkness shall not go on:
And the light of the day shall come out to fill the darkness
And the stars shall not go forth;
As darkness shall be seen, and the light of the day shall be shining,
The earth"
dark,Write a poem about dark:,1,"This dark, dark, dark, dark,
Dark, dark, dark, dark,
You may not know dark, but it is so,
This dark, dark, dark, dark,
Dark, dark, dark, dark,
Dark, dark, dark, dark,
Dark, dark, dark, dark,
Dark, dark, dark, dark,
This dark, dark, dark, dark,
Dark, dark, dark, dark,
You may not"
dark,Write a poem about dark:,2,"That all of your words are dark and dark and that every little thought that a little bit of thought is darker than it is for you.
You must think of darkness and darkness as you look into the world.
Darkness is something you cannot change.
Darkness is part of the human experience.
Darkness comes from the light.
Darkness comes from the strength that you possess.
Darkness comes from the strength that you use to control the world.
Dark"
daughter,Write a poem about daughter:,0,"Her smile and smile is a beautiful thing.
The girl's smile that never ends.
The girl's smile that never ends.
</p>
</p>
</p>
</p>
</p>
</p>
</p>
</p>
</p>
</p>
</p>
</p>
</p>
</p>
</p>
</p>
</p>
</p>"
daughter,Write a poem about daughter:,1,"She may go and laugh
At the singing of her song
On the night of her birth
To play with her,
And all the other girls,
As they sing in her song,
She may not be so great,
In the singing of her songs
Her song may not be so long,
Her song may not have such happy endings,
She may not stay here till she dies,
And she never will be such a great song,
That she may"
daughter,Write a poem about daughter:,2,"She has lost her mind;
She has lost her eyes.
She has lost her hair;
She has lost her face.
She has lost her tongue.
She has lost her face.
She has lost her eyes.
She has lost her lungs.
She has lost her ears.
She has lost her hands.
She has lost her feet.
She has lost her voice.
She has lost her lips.
She has lost her nose.
She"
death,Write a poem about death:,0,"""Do we still hold on to our hope that we may return when our lives are in danger, or, perhaps, to wait for the next grave?
Or, if all those things are to go in the face of our despair, let us hope to find a way out of our predicament in the last days of our lives?""
—J. S. Grant, ""The Resurrection of Hope in the Resurrection of the Dead,"" p. 18
(1) p. 9
("
death,Write a poem about death:,1,"The death is like the moon, but it is always full of life:
When the sun is low in the sky, there is a great light to shine,
That gives life to life's creatures.
As it is to make a stone or a tree stand,
This is what gives life its life and life's life's life;
As to make a tree stand,
This is the death that gives life its life and life's life.
Like death, a stone"
death,Write a poem about death:,2,"A man's first step toward his death
A man's last step toward his death
A man's last step toward his death
A man's last step toward his death
A man's last step toward his death
A man's last step toward his death
A man's last step toward his death
A man's last step toward his death
A man's last step toward his death
A man's last step toward his death
A man's last step toward his death"
depression,Write a poem about depression:,0,"Here's a poem to make it easier to cope with depression
Read a poem about how your life is going wrong
Read a poem about how you need a cure
Read a poem about how you've got to be better
Listen to some of these wonderful poetry:
In a poem about a time when your life had no meaning
Learn to love life
Learn to love your friends
Learning to love everything is good
Learning to love happiness
Learning to love your life is not always"
depression,Write a poem about depression:,1,"I'm writing you a poem about depression.
I'm writing you a poem about how you're feeling depressed.
I'm writing you a poem about how you're feeling depressed and your friends.
I'm writing you a poem about what you want to do when you're depressed.
If your depression is too bad, don't write a poem about depression.
I'm writing you a poem about how you're depressed and your friends.
If you know what depression is, don"
depression,Write a poem about depression:,2,"http://www.frostbears.com/
Share this poem: http://www.frostbears.com/
Share this poem: http://www.frostbears.com/
Copyright © Frostbears.
All poems in this collection are in the USA.
This poem is not for sale. Please do not sell this poem online."
despair,Write a poem about despair:,0,"It is the best of times, and to live in it,
It is the best of moments.
The poem, which in the end is the final,
It will be the last of the nights,
The poem in the end will be the death of the dead
And the poem will be the last of the sorrows.
You must know that the poem is the last of those days,
And this poem will be the last of those days.
When your heart"
despair,Write a poem about despair:,1,"And if we can all stop talking about it,
And then come up to one another,
We can start to think more. And if the world is a good place to be
Then what's the matter with all the money we've spent
That doesn't make it good for everybody,
And with all the money we've spent,
And with all the money we've spent,
We can all stop talking about it.
(5)
You are the only one"
despair,Write a poem about despair:,2,"In the wake of the storming rain,
Tighten the night of despair,
Tighten the night of despair,
And in the midst of despair,
A smile that leaves a smile,
A smile that leaves a smile:
We see the sun and the moon on a bright night,
And we see the sun and the moon on a bright day,
But, while the sun and the moon are shining,
The moon is shining in the sun and"
destiny,Write a poem about destiny:,0,"You have one day to live and that is where it comes from
And you have a day to die
And you have one day to live
And you have a day to die
And you have a day to live
And you have a day to die
And you have a day to die
And you have a day to live
And you have a day to die
And you have a day to live
And you have a day to die
And you have a day"
destiny,Write a poem about destiny:,1,"My dream of a good life
is a dream of a happy life,
That's what a fairy tale is
for fairy tale lovers,
I'm happy at my bedtime,
I'm happy at my dream,
My love is always my life,
No matter what dream or dream that
is my dream,
I have a happy life
and a happy life.
Let me tell you a dream
that I have.
This dream is the dream of my"
destiny,Write a poem about destiny:,2,"As I write my love song
Let me know that you love me more than I love you:
You cannot wait for me to say to you:
I will never forget your love for me;
I will never forget your love for me.
</p>
Love a poem:
Don't tell me I'm not a poet,
When you ask me to sing a poem about destiny,
I don't think I can sing it without getting hurt:
You may"
dream,Write a poem about dream:,0,"The dream is a place where people,
And animals, and people,
Have gathered together in the morning,
And in the afternoon,
Their faces have been drawn to each other
For a vision of the night.
That dream, dreams of time that have been
Foretold, they are made to look
For days or nights
That are long and long ago.
So, after a dream in the evening,
Some animals, sometimes animals
And humans, sometimes"
dream,Write a poem about dream:,1,"I like the words. I like the poetry.
I like the ideas.
But I don't really love the poem.
Maybe it should go in a book or something?
That's why I love poetry.
I like poetry as a way of life.
I love it as a way of life.
In the end, what you find is a poem with a happy ending.
I love poetry as a way of life.
I enjoy the things you write."
dream,Write a poem about dream:,2,"I would hope for the night to wake
From the dead by the stars,
In the darkness of night,
My dream-like dream, which was not awake;
But at night my waking dreams, which were
Dark and dreamlike,
I had a vision of the sky,
And I fell asleep by the stars,
And I awoke with a faint light.
Dreams are such an immense mystery,
That they seem to have been forgotten;
But they"
evil,Write a poem about evil:,0,"A poem of evil
Says the evil man, the evil witch
Says a song
A song for evil
Says a song for evil
Says the good
Says the bad
Says the evil man
Says a song
A song for evil
Says a song for evil
Says a song for evil
Says a song for evil
Says a song for evil
A song for evil
Says a song for evil
S"
evil,Write a poem about evil:,1,"In this poem, the evil is evil,
In this poem, the evil is good
In this poem, the evil is evil,
The devil does not exist.
The devil does not exist; the devil does not exist,
So to know what evil does and where it can exist,
When it has arisen from within the body of man,
The devil does not exist.
And now, I say, it does not exist.
The devil does not exist."
evil,Write a poem about evil:,2,"""Evil is evil, bad is good, evil is evil.""
Evil is evil, bad is good, evil is evil
Evil is evil, bad is good, evil is evil
Evil is evil, bad is good, evil is evil
Evil is evil, bad is good, evil is evil
Evil is evil, bad is good, evil is evil
Evil is evil, bad is good, evil is evil
Evil is evil, bad is good, evil is evil
Evil is"
faith,Write a poem about faith:,0,"And then you'll find that it's all right; and this faith is not just true but is the basis of love.
If you believe in this thing,
You will find you can get away with it!
But, if you're afraid to do anything about it,
then you'll be cursed.
And so you'll live in love!
And, if you don't like it,
then you'll never learn anything about faith.
If you love it,"
faith,Write a poem about faith:,1,"Why do you believe?

I mean, I believe in this man
But I don't believe in God.

He believes in something he doesn't believe;
I believe in a man who's had his heart broken
And has been unable to heal.

But he doesn't see it that way;
He's not so sure.

He doesn't know if God exists;
He doesn't know if this world exists;
He doesn't know if God lives alone;"
faith,Write a poem about faith:,2,"Love and Love:
Love and Love:
Love and Love:
Love and Love:
Love and Love:
Love and Love:
Love and Love:
Love and Love:
Love and Love:
Love and Love:
Love and Love:
Love and Love:
Love and Love:
Love and Love:
Love and Love:
Love and Love:
Love and Love:
Love and Love:
Love and Love:
Love and Love:"
family,Write a poem about family:,0,"The most beautiful thing to a dog is the dog's scent.
I love my dogs, but the dog has been a bad teacher.
It was horrible, but the bad teacher was a nice person.
And he loves you, but there's a reason for it.
It's not a good job if you don't have a good work ethic.
The job is hard, but there is no such thing as a job that doesn't pay well.
And the job is"
family,Write a poem about family:,1,"What do they have to say to me?
In the beginning, this is the one I remember,
and the one I wrote about.
The last thing I ever loved,
was the love of a child.
They knew that, before all that,
you could have a baby;
they knew that, before all that,
you could have children.
What a tragedy they had,
when they killed him.
It's just so much more than a tragedy"
family,Write a poem about family:,2,"You are not alone.
Your family will always be with you.
You are not alone.
You will always be with us.
You will never be alone.
Family is the most important part of your life,
That we live in.
You don't have to worry about what's around you,
You'll be with us.
And we will always be with you.
Family is the most important part of our lives,
That we live in."
father,Write a poem about father:,0,"A poem about father
Who is your father?
If you were a boy,
I will send your father a copy of that poem.
You should feel free
To express your father's feelings in the same way.
The poem, which is a poem about father
As a child,
To be a father to me is a simple act.
The mother of a father is my father,
And my father is my mother.
If I can make you a poem"
father,Write a poem about father:,1,"a poem about his son and his family
Your father is not a happy man, a good man, but he has a good life.
He needs a father to do something great for him.
His life will be better for his son now that he is father.
You are not happy with him if his father is angry.
In fact, he hates your father for your father's faults.
You do not love him and he does not care about his life.
So,"
father,Write a poem about father:,2,"In this poem is the father's greatest hope.
Mother: he is the father of the world
I will give you all of this.
Father: he is the father of the world
Mother: he is the mother of the world
I will give you everything of this.
Father: he is the father of the world
Mother: he is the mother of the world
I will give you everything of this.
Father: he is the father of the world
Mother"
fear,Write a poem about fear:,0,"Fear is a powerful tool to build up fear, to show it is in control of the situation.
Fear is also powerful because it is an emotion that is more than the sum of its parts. Fear can be used as a tool to build up fear, by demonstrating its true nature
Fear can be used to build up fear by demonstrating its true nature in a language that is much more than words.
Fear is used to build up fear by demonstrating its true nature in an emotional language that"
fear,Write a poem about fear:,1,"A cat's love,
A cat's pain:
Lived at the edge of her world,
Lived in the shadow of a human wall,
Lived in a cave and on a hill,
Lived a dead bird in a hole,
Lived in a ghost house in the street
Life is a mystery,
Life's a burden
Lived at the edge of her world,
Lived in the shadows of a human wall,
Lived in"
fear,Write a poem about fear:,2,"you can write it like this.
Fearful in the face:
Fearful in the heart:
Fearful in the mind:
Fearful in the mouth:
Fearful in the tongue:
Fearful in the nose:
Fearful in the ears:
Fearful in the nose:
Fearful in the nose:
Fearful in the lips:
Fearful in the lips:
Fearful in the tongue:
Fearful in the mouth:
Fear"
fire,Write a poem about fire:,0,"A poem written by a young woman who lives and dies in an alleyway where she doesn't belong and where her dreams are forever fulfilled
A poem written by a young woman who lives and dies in an alleyway where she doesn't belong and where her dreams are forever fulfilled
A poem written by a young woman who lives and dies in an alleyway where she doesn't belong
A poem written by a young woman who lives and dies in an alleyway where she doesn't belong
A poem"
fire,Write a poem about fire:,1,"'Cause that's it.
'Cause we want you to burn it
And never go home.
'Cause we have friends to give
To you like they do with us.
'Cause the world doesn't want us
To die.
'Cause the world doesn't want us
To make the world happier.
'Cause we want you to sing
On the moon or on the stars
With your beautiful voice.
'Cause we are the only ones
To"
fire,Write a poem about fire:,2,"We all love fire,
And we all fire,
Which causes fire
And we all fire.
See fire!
You, my lord, don't smoke
Fire;
And fire, and fire,
And fire, and fire,
And fire, and fire,
And fire, and fire,
And fire, and fire,
And fire, and fire,
And fire, and fire,
And fire, and fire,
And fire, and fire"
food,Write a poem about food:,0,"The poem has been said to help you remember how much I love you.
Sometimes I am grateful that you came along to help me with my problems.
Sometimes I am thankful that you helped me deal with the loneliness of this world.
Sometimes I am grateful that you helped me deal with my family troubles.
Sometimes I am thankful that you helped me with my time in the office.
Sometimes I am thankful that you helped me with my other issues.
Sometimes I am grateful that"
food,Write a poem about food:,1,"Filling your mouth with soup
Filled your stomach with hot soup
The only way to get rid of hunger is to have soup.
It is a basic question: how do you find food in the sun?
It is true that we do not find food in the sun.
Food is not a food in the sky.
But food is a food.
Filling your mouth with soup:
What do you want to get rid of hunger?
Food is a food"
food,Write a poem about food:,2,"""I was going to eat some of it,
but my heart just stopped. I couldn't even eat a spoonful,
so I tried to eat something else...""
—
I had already made it this far and I had to stop
so I tried to eat something else...
and I could feel my stomach churning!
""I thought I would eat it,
but my heart just stopped...""
—
I ate a spoonful of ice cream on my way"
football,Write a poem about football:,0,"From the beginning I always felt like a bad girl.
And so I was able to overcome it.
And now the next year I just had to have a really hard time.
I was so proud and I cried.
Then it was just me and I was on the brink
Of suicide.
So for a while I tried to find other people who I thought were good,
But they were always not.
And I would come back to myself and cry.
I"
football,Write a poem about football:,1,"And he said
But I'll tell you that you're not the best at football
I can find no way to win.
And I'll tell you that football
is not worth the trouble I've been in
because of the way you're played.
And football is for all that you do
and no matter what happens.
I told you that football is
always a game of chance
and I told you that I wouldn't
give you a choice
to win"
football,Write a poem about football:,2,"Truly, truly, truly, truly true true true,
And if not true true true, then where am I?
Truly, truly, truly true true true
And if not true true true, then where am I?
I am only a person,
I'm just a person
I am only a person
And if not true true true, then where am I?
And if not true true true, then where am I?
But if not true true"
freedom,Write a poem about freedom:,0,"Freedom is the freedom to do things I'm afraid will make me fat.
Freedom is a tool to tell your stories,
To make you listen to your heartbeats.
Freedom is a human right.
Freedom is an illusion of peace.
Freedom is the last refuge of the oppressed.
Freedom is the last chance to see the end of oppression
Freedom is the last hope of the oppressed.
Freedom is the last freedom to get things done.
Freedom is the last"
freedom,Write a poem about freedom:,1,"free love
Free love is beautiful and fun, it brings fun back, it brings back joy. Free love is about giving and giving, freedom is about making and making. Free love is about enjoying and enjoying. Free love is about giving, freedom is about making and making. Free love is about having free time, free time is about having free time. Free love is about living life, free time is about living life, free time is about living life. Free love is about being free,"
freedom,Write a poem about freedom:,2,"Freedom is not a simple concept that can be achieved
without a clear and simple definition.
It requires courage and skill for freedom
to emerge on the road of learning and work.
Freedom is what we live with daily and are learning to live.
Freedom is the one that makes us more prosperous than any other
and it is what we live in every day.
Freedom is what we live with in the moment and in the future.
Freedom is what we live by learning to"
friend,Write a poem about friend:,0,"She gave me the book
and she said it'd be great
to listen to
you
for her,
to listen to me,
to know her
for her.
Love, love, love, love, love, love, love
in that kind of voice,
that gentle voice,
that warm voice,
that soothing voice,
for that song,
of love,
for that song,
in that sweet voice,
that gentle voice,"
friend,Write a poem about friend:,1,"I can hardly think of you,
Yet I love you;
The music goes off in my head
The melody is so soothing.
But it is time for you to come
To the dance floor,
Or to the riverbank.
And I will sing for you with the sound of the waves!
I love you,
And I'll sing for you in your own home.
You are so sweet,
And I know how to say thank you
For helping"
friend,Write a poem about friend:,2,"Friend who is friendly with him,
Friend who is friendly with you,
Friend who is friendly with everyone
Friend who is friendly with you,
Friend who is friendly with your family,
Friend who is friendly with you,
Friend who is friendly with anyone,
Friend who is friendly with all,
Friend who is friendly with life,
Friend who is friendly with dreams,
Friend who is friendly with your friends,
Friend who is friendly with me,
Friend who"
frog,Write a poem about frog:,0,"A frog with a nose like a duck.
An egg with a tail like a duck.
A frog with a nose like a duck.
An egg with a tail like a duck.
A frog with a nose like a duck.
To a frog with a nose like a duck.
To a frog with a nose like a duck.
To a frog with a nose like a duck.
</p>
<p>My heart is full of words
When I"
frog,Write a poem about frog:,1,"I hope you won't forget it.
You'll be so glad I've found you.
I know I found you.
And you'll know I want to go back home.
You'll be so glad I've found you.
I hope you won't forget it.
You'll be so glad I've found you.
I know I found you.
And you'll know I want to go back home.
</p>
</p>
</p"
frog,Write a poem about frog:,2,"Goddess of the earth, the world, the heavens:
As I grow, all things will change:
All things will change.
I will die a frog, I will never be forgotten!
My father died when he was nine years old,
His name is Lenny!
But now, the future of the world is about to see him.
A frog is alive.
A frog is dead.
A frog is dead.
A frog is dead."
funeral,Write a poem about funeral:,0,"Obey the words of his departed.
Obey his heart, his memory.
Follow his path, his words.
Let his life be the last,
Let the world be the last.
The poet will always be a part of
The world, the poem is his life.
The poetry of farewell is
Life.
Remember how my heart filled with love.
Remember how my lips sealed the air.
The poet will always be a part of
The world"
funeral,Write a poem about funeral:,1,"As it is, I will be in love with you,
I will remember you and your grief,
I will feel love, trust, respect
I will make you whole,
I will make you happy
I will make you feel loved
I will give you my best,
I will make you happy
I will make you happy
I will make you cry, I will feel happy
I will make you happy
I will make you happy
I will make you happy"
funeral,Write a poem about funeral:,2,"I have been told that it is very likely that I will die
that life was lost after being bereaved
that everything is just so short-lived
that I am the final hope of all life
that all lives are just short-lived
That all people are just short-lived
that I am just short-lived
That life was lost after being bereaved
That every family was just short-lived
that I am the final hope of all life
That I am"
funny,Write a poem about funny:,0,"What makes you laugh?
Wherever you are,
You can laugh.
What makes you laugh?
Wherever you are,
You can laugh.
What makes you laugh?
Wherever you are,
You can laugh.
What makes you laugh?
Wherever you are,
You can laugh.
What makes you laugh?
Wherever you are,
You can laugh.
When I see you in the dark,
I feel a kind of"
funny,Write a poem about funny:,1,"That he should be as good as I am
as good as I am.
But he's done so much better than I expected.
In all the hours of his life, he has done so little
that he's become too much for me.
He needs the help of a good friend, or a friend who might
even love him.
He needs to get a better doctor than I am.
I told him I didn't know what he was doing.
He"
funny,Write a poem about funny:,2,"I remember when I was young,
I saw so many beautiful things -
The stars were so different
My imagination was so much different
The music was so beautiful
I felt so comfortable and confident
In every place, and everyone was so kind
I felt I was just like all those other people
The words were so long, but the picture was so fresh
And the sound so beautiful
Because it was so simple
To tell the story of what happened to me
I"
future,Write a poem about future:,0,"How's your future? How's your future? Why aren't you dreaming or dreaming?
(In the beginning, a poem about future is about the past or the future.)
So, here are some of the poems, in order:
Dear: I am a man, and I don't think I'm as good as I look in those dark grey curtains, that way when I come up, when I see something, when I get up, when I get down,
So I"
future,Write a poem about future:,1,"O my love!
O the love of your life:
My love!
O my love!
To the love of your life!
O my love!
O my love!
The love I had as an infant:
My love!
O my love!
The love I had as an infant:
My love!
O my love!
To the love of my life!
O my love!
To the love of my life!
O my"
future,Write a poem about future:,2,"O, I am dreaming of a great adventure
with a thousand little children,
A thousand little kids
Who are in my dream.
O, I am dreaming of a great adventure with a thousand little children,
A thousand little kids
Who are in my dream.
O, I am dreaming of a great adventure with a thousand little kids,
A thousand little kids
Who are in my dream.
O, I am dreaming of a great adventure with a thousand little kids"
girl,Write a poem about girl:,0,"Girl
Her name is
She is the
Girl
Girl
She is the
Girl
Girl
Girl
Girl
Girl
Girl
Girl
Girl
Girl
Girl
Girl
Girl
Girl
Girl
Girl
Girl
Girl
Girl
Girl
Girl
Girl
Girl
Girl
Girl
Girl
Girl
Girl
Girl
Girl
Girl
Girl
Girl
Girl
Girl
Girl
Girl
Girl
Girl
Girl
Girl
Girl"
girl,Write a poem about girl:,1,"Girl, you must be beautiful
and your legs will have to grow
to be like you.
You will be like the boy
who is so brave and fierce
who loves to be around,
and is always a man.
And if you would like to make sure you are not alone,
then go to the store and have some,
and then do a little shopping.
And maybe ask the girl
to put on some clothes and put the shoes on,"
girl,Write a poem about girl:,2,"O, why do your girls love you so much,
How much have they hated you,
You, the girl's best friend?
I know how to give love to you,
How much you make me happy with them,
But if I'm not a woman,
I'll give you money if you tell me that,
You're not a man or woman,
You're just a girl, I have no reason to believe
I'm a beautiful woman,"
god,Write a poem about god:,0,"There is a name for the one who has died
God is the One who killed
Eternity is the One who made you
It is your life, it is your story,
Your name, it is your identity,
We all live with the same name
We all know the same name
We all love the same name
Let us write a poem about god:
There is a name for the one who has died
God is the One who killed
Eternity is"
god,Write a poem about god:,1,"The greatest sin is that God, the greatest man,
Has no power to make mankind to hate him,
But He knows nothing of religion, or even of the religious faiths
To whom He has made it, without knowing it;
And for that He has made us poor, and has made us rich,
The most miserable and miserable, the worst of all nations.
Why, then, does God have dominion over us? Why does He send us so little? Why,"
god,Write a poem about god:,2,"Your word is the word God
You are the most holy one
Your words are the most sacred thing
You are the most perfect of all
You are the most immortal
Your voice is the most perfect of all
Your life is your most holy life
You are the most perfect of all
You are the greatest of all
You are the first to become the best
Your life is the most holy life
Your name is the name of God
You are the first to become"
graduation,Write a poem about graduation:,0,"After graduation you don't think about it, but you try and make it fun.
Why do you think graduation is fun?
It's only about you. It's your journey to make it happy.
Why do you think graduation is fun?
That it's not really fun for you.
In fact, it's very much a waste of money if you are unhappy.
It's just a piece of your life that you want to spend.
You're a bad person"
graduation,Write a poem about graduation:,1,"From the moment I was a kid I knew I was going to grow up
But my mother said I was too young to be that girl
And that made me a different girl from most girls
So my mother told me I would never get back to my roots
And to learn my lessons in life
I tried to come to terms with her new plan
And so I taught myself lessons I had never heard of
And when I started graduate school and went to the doctor
I still"
graduation,Write a poem about graduation:,2,"I was lucky to get my A and B grades
And my parents didn't have to worry about it
I got my C and A grades in school,
And I got my J and K grades in college
But when graduation came around,
I really struggled.
I was so mad at my parents for not supporting me
That my father was a very unhappy man
And I was only going to go to college for five years
But they were pretty much the only ones who"
greed,Write a poem about greed:,0,"A
painful one,
that a little
is worse than
a lot
that is worse
than
a lot
that is worse
than
a lot
that is worse
than
a lot
that is worse
than
a lot
that is worse
than
a lot
that is worse
than
a lot
that is worse
than
a lot
that is worse
than
a lot
that is worse
than
a lot"
greed,Write a poem about greed:,1,"It's the money to give to those who give money;
All the people are willing to let me go;
For I will give them nothing
The love of money alone
Is a sufficient sacrifice for me to do.
I am all for money,
And so do you all.
It's the money to give to those who give money;
All the people are willing to let me go;
For I will give them nothing
The love of money alone
Is"
greed,Write a poem about greed:,2,"""It was as I lived on the edge of the valley I heard a voice from the east. It spoke of the poor and the poor and the wretched and the poor and those with no rights.""
When it is over, this poem is all over again. You've read this poem before.
If you don't know what it means, you may want to read it again.
This poem is all over again.
In the morning, when you don't feel hungry, you go"
green,Write a poem about green:,0,"a poem about raindrops
And then draw a picture of your friends in a tree
So, if you don't believe me, then stop reading
And start reading again.
Just write in one word: raindrops.
I hope you are having a great time.
I wish you all well
May the sun shine brightly on your life
and may you have a glorious, peaceful, happy year
May you rest in peace.
I want you to learn English, learn a"
green,Write a poem about green:,1,"Green is green
It may be green only to a certain degree
But when you're all about green,
Green leaves all the leaves of the trees
So green leaves the lawns
And leaves the trees
And leaves the sky
It's green!
So green leaves the clouds
And leaves the moon
It's green!
I like it!
So green leaves the grass
And leaves the mountains
And leaves the sea
I like it!
Green leaves the"
green,Write a poem about green:,2,"Let the sun be the star,
It is a star to shine in;
And the moon will be the moon to shine.
If the sun were a star,
We would call it the sun;
But if the moon were a moon,
It would be a moon to shine.
You need not know that
But if you were to be mistaken,
If you were to be wrong,
If you were to be wrong,
If you were to be wrong"
hair,Write a poem about hair:,0,"""I know how the sun shines,
And the wind blows it down,
And the moon sings,
And the stars shine,
And the stars glitter,
And the stars glitter,
And the stars glitter,
And the stars glitter,
And the stars glitter,
""I know how the sun shines,
And the wind blows it down,
And the moon sings,
And the stars glitter,
And the stars glitter,
And the stars glitter,"
hair,Write a poem about hair:,1,"To make it better you must cut it off the top:
And make it a little better, I believe.
I cannot say I know how to explain the matter.
But the truth is I have a friend who works in a hair care store.
He also takes the time to write about it.
The next day, as I write this letter I realize how funny this is.
The only problem is, I am only in my thirties.
The hair care"
hair,Write a poem about hair:,2,"Caring and healthy hair is a fine way to live.
In the last few years my hair has been becoming more and more beautiful.
It has become so beautiful and easy to care for.
In many parts of the country I have decided to change my hair as often as possible.
To do this I have been doing it for two years now, with no end in sight.
We just have to be as patient as possible.
Many times I would go to the shower"
happiness,Write a poem about happiness:,0,"What makes you happy
is in your heart
and why it matters
is in your heart
why you're happy
and why you love
What made you happy
was in your heart
and why you're happy
How I want to feel happier when I'm happy
is in my heart
and why I love
I want to feel happy when I'm happy
and why I love
When I'm happy
I want to feel happy when I'm happy
and why"
happiness,Write a poem about happiness:,1,"happiness and sadness, for the poet has been the guide of happiness for over 200 years.
Your happiness comes from being good and happy
your happiness comes from being free from fear and distress
your happiness comes from being free from fear and distress
your happiness comes from being free from fear and distress
your happiness comes from being free from fear and distress
you happiness comes from being free from fear and distress
your happiness comes from being free from fear and distress
your happiness comes from being free"
happiness,Write a poem about happiness:,2,"Or write an essay about happiness
Or write an essay about happiness,
Or write an essay about happiness
Or write an essay about happiness
Or write an essay about happiness
Or write an essay about happiness
If you are happy, you must have some money or time to spend on a project
Your life is too short
If you have no money or time to spend, it's easy to be unhappy
This is the best way to be happy
How about happiness
Try to"
happy,Write a poem about happy:,0,"It was the time when we cried,
And sat,
And read the sadest poems of all
And laughed,
When we heard the beautiful melody
Or the sad sad songs of the world.
Or, in the midst of the day,
We listened to that very song.
If we were not happy,
If we were not happy
If we were not happy,
If we were not happy
If we were not happy,
If we were not happy"
happy,Write a poem about happy:,1,"Happy to say you're still happy to have
It's always good to hear,
Just be aware of how happy you are,
Happy for us.
Happy to say we are happy.
Happy to say we are happy.
Happy to say we are happy.
Happy to say we are happy.
Happy to say we are happy.
Happy to say we are happy.
Happy to say we are happy.
Happy to say we are happy.
Happy to"
happy,Write a poem about happy:,2,"A poem about joyful happy:
A poem about sad happy:
A poem about happy sad happy:
A poem about happy sad happy:
A poem about happy sad sad happy:
A poem about happy sad happy happy:
A poem about happy sad happy happy:
A poem about happy sad happy happy happy
Happy happy happy happy happy happy happy happy happy happy happy happy happy happy happy happy happy happy happy happy happy happy happy happy happy happy happy happy happy happy happy happy happy"
hate,Write a poem about hate:,0,"Love is for nothing,
Love is life.
Love is for all humans.
Love is for all people,
Love is true love.
Love is life.
Love is love, and love is life.
Love is love, and love is life.
Love is love, and love is life.
Love is love, and love is life.
Love is love, and love is life.
Love is love, and love is life.
Love is love"
hate,Write a poem about hate:,1,"The most common insult I hear from people
""They're hate, just like the people in the forest.""
When I am writing this poem,
I will not be able to say
""Hey, can't you be nicer to me?""
There are no exceptions,
Only those who do not believe in this
They will be angry at me,
In a way, I am angry at them.
""They're not the ones who're angry at me!""
They"
hate,Write a poem about hate:,2,"Read a poem about hate
If you hate hate hate hate hate hate hate hate hate hate hate hate hate hate hate hate hate hate hate hate hate hate hate hate hate hate hate hate hate hate hate hate hate hate hate hate hate hate hate hate hate hate hate hate hate hate hate hate hate hate hate hate hate hate hate hate hate hate hate hate hate hate hate hate hate hate hate hate hate hate hate hate hate hate hate hate hate hate hate hate hate hate hate hate hate hate hate hate hate hate hate hate"
heaven,Write a poem about heaven:,0,"That's how I'm gonna find you
You can't be here any more
So, don't take a deep breath,
Don't cry, you know,
I know the best way
Is to sit there and pretend
I'm not here.
There's a lot of things to do
I'm on this ship, and
I'm coming right back to earth.
I love the way you look at me
I know that it's not hard
to be"
heaven,Write a poem about heaven:,1,"Be a father,
Anointed God,
And proud in thy works:
Be a father,
A father,
And proud in thy deeds:
Be a father,
A father,
And proud in thy deeds:
Be a father,
A father,
And proud in thy deeds:
Be a father,
A father,
And proud in thy deeds:
Be a father,
A father,
And proud in thy deeds:
Be a"
heaven,Write a poem about heaven:,2,"You'll not get it. You'll have to wait.
You can't get it, but you can get it,
And you'll get it, too,
And you'll get it, too,
And you'll get it, too,
And you'll get it, too,
But you can't get it, but you can get it,
And you'll get it, too,
And you'll get it, too,
And you'll get it"
hero,Write a poem about hero:,0,"""I love this poem by a man in the twilight:
He is a good poet: he is a poet that loves his own country:
His poems are like my heart: he sings the song of my life with a smile:
As my heart grows colder and my eyes turn white,
My poems are like my heart. I love this poem by a man in the twilight:
He is a good poet: he is a poet that loves his own country:
He sings"
hero,Write a poem about hero:,1,"O hero's, I will not take the path of death
In my heart
And let go the path of death
When you say, ""You are the one who lives and dies; you have done all you could
For the betterment of humanity.""
I do not ask for praise from you, but
I ask for your silence.
I ask for your peace.
My tears should not come to rest in your bones;
They shall go from my heart to your"
hero,Write a poem about hero:,2,"He must not have lived but died:
He must not have lived but died.
He must not have lived but died
He must not have died but died.
He must not have lived but died.
He must not have died but died
He must not have died but died.
He must not have died but died.
He must not have died but died
He must not have died but died.
He must not have died but died.
He must not"
home,Write a poem about home:,0,"Here in the garden
A garden is sweet:


It's where I live to be happy
And it's where I can make a name for myself
Just as the sun and moon were born
And the sun and moon would still rise
As we wait for the sun to rise again
And the sun and moon would still rise
The sun and moon would still rise
A garden that would never change
There would always be a garden, a garden
The sun and"
home,Write a poem about home:,1,"The home of the Lord, which shall live forever...
He may be the source of life's great blessings, and the source of the great blessings of our Father...
The Lord hath revealed His precious Son, and He shall live forever...
In a home in which all living things are created, in which all living things are nurtured, in which all living things live...
A home of great joy and great sorrow, with a great home in which all living things are nurtured,"
home,Write a poem about home:,2,"You will be at the mercy of me
Your fate will only be mine;
You will keep me from seeing you
And let me know that you want to live in me;
And that you can't give me a name.
You will not give me the love you've promised;
You will not give me the love you've promised;
And you'll never be my wife
Your husband will never be my wife;
Your only concern is my life.
I"
hope,Write a poem about hope:,0,"And you will be a true lover of hope
Your heart must never be filled with joy
Your heart must never change
Your soul will always be with hope
Your soul must never be divided
Your soul will always be with hope
You will always love and trust me
You will always care for me and I love you
I love you with all my heart, I love you with all my heart
If I was all alone you would be my love
If I were all alone"
hope,Write a poem about hope:,1,"Hope is not to be feared
except as it seems,
It can be found by some in our own country
And sometimes even more,
It is found in our homes, too.
And there it's left, in our streets
Like that hope is there for us all
But to be found is nothing
But what it is to be found
It may be to some for us;
But the one to be found is
Hope is not to be feared
except"
hope,Write a poem about hope:,2,"It is the hardest thing you can do
To make friends;
So you have to know it is true
To put a smile on the face.
How can you be so happy when you are
Living with others who are
Loving each other?
When you are together you feel so
Just at the same time;
You want to love, love and love
Together;
But the only people
You know you really want to
Are friends, you can be"
house,Write a poem about house:,0,"The best thing about my home is my home
And I find that my house is good enough for me
It seems that the house is good enough for me
I am so happy I am living in a house in a country that loves me
And I am so happy that my house is good enough for me
The house is nice, but it is not quite as clean as my home
I can always fix it and put it away with a smile,
My house is pretty,"
house,Write a poem about house:,1,"For you know what you're done,
When you have left my home.
If you can, do, for all eternity,
That is my home, my own home.
And I'll give you that home,
In honor of the woman that I have left.
Do I leave you?
You are not my house, I don't want to be,
A house is my home, my home.
And you are my wife's home,
You are"
house,Write a poem about house:,2,"'O my love of home!'
'Oh, why do you hate home?'
'O my love of home! why do you hate
home? Why do you hate
home?'
'O my love of home! why do you hate
home? Why do you hate
home? Why do you hate
home?'
'O my love of home! why do you hate
home?'
'O my love of home! why do you hate
home? Why"
hunting,Write a poem about hunting:,0,"The hunt is the greatest hunt of all,
And there's no other way to say it,
If you would just say, ""Hey! Can't you find me?""
The chase is the greatest hunt of all,
But not just any hunt
That's the greatest hunt,
And there's no other way to say it,
If you would just say, ""Hey! Can't you find me?""
""The Hunt is the greatest hunt of all""
In"
hunting,Write a poem about hunting:,1,"The hunting-hunting-hunt is a great joy.
And in the days of the hunt, and in the days of the hunt,
I bear the name of a man.
I bear a name to remember him.
And, I bear a name to remember you.
And, I bear a name to remember you.
He who says, ""I bear a name to remember me,""
I bear a name to remember you.
And, I bear a name"
hunting,Write a poem about hunting:,2,"You have to find a good place to put your bow
on the hunt—
and if you can't find one, then you have to hunt
for it by a long distance.
The most famous hunter of America, George Washington, was a great hunter,
hunting for his deer as well as his boar.
George Washington's hunt was quite successful. In his great age, his age of 30 he set foot on the trail
of three men, which led to"
husband,Write a poem about husband:,0,"Let the child who is now his or her own say that he will not be his or her.
Let him and his wife have their own voice.
Let them tell the story about the man who lost his life to love his wife.
If he says, ""I love your wife, and I think she's a lovely woman,"" he'll look like the father of a child.
This is to give us the best opportunity of life.
Here's the poem in which we"
husband,Write a poem about husband:,1,"There can be many wives,
One woman, one girl
One woman, one baby
One daughter
One daughter, one girl
It would be wonderful to be a husband,
One woman, one girl
It would be great to be a mother
One woman, one girl
It would be beautiful to be a father,
One woman, one girl
The children, the grandchildren
The children, the grandchildren
But when you have been a father
You will be a"
husband,Write a poem about husband:,2,"That would be more lovely than anything,
Or would make you forget the love of your heart.
A poem about husband:
That would be more lovely than anything,
Or would make you forget the love of your heart.
A poem about husband:
That would be more lovely than anything,
Or would make you forget the love of your heart.
A poem about husband:
That would be more lovely than anything,
Or would make you forget the love of your"
identity,Write a poem about identity:,0,"The poem begins with:
You were born
Who are your parents
Was born
Who know about your past
Who you know?
Then you begin the poem:
You are not alone
Your name is not your face
Your whole life was a mystery
But now your name has been revealed
The poem begins with:
You are born
Who are your parents
Was born
Did you grow up with someone else?
Then the poem begins:
You are not"
identity,Write a poem about identity:,1,"It is not a poem
It is not a poem
It is not a poem
It is not a poem
It is not a poem
It is not a poem
It is not a poem
It is not a poem
It is not a poem
It is not a poem
It is not a poem
It is not a poem
It is not a poem
It is not a poem
It is not a poem
It is not a poem
It is not"
identity,Write a poem about identity:,2,"How much should we care about identity? What does identity matter?
When people say ""they're all my friends,"" they mean they don't care about them.
I'm not saying they're all my friends. I'm saying that they're all mine, and my friend-friends' friends are my friends too.
When people say ""they're not my friends,"" I mean that they care about me because they share my identity.
When people say ""they're not my friends,"""
innocence,Write a poem about innocence:,0,"It has given me a lot of courage and a lot of hope
And I want to write about innocence now.
You know I'm going through a bit of a rough time
After all, in the past half of my life
My mum had an unspeakable hatred for me,
And she tried to destroy my innocence
By telling me I shouldn't be happy
In order to get away from my mother
And to keep her in the dark.
Sometimes when I say"
innocence,Write a poem about innocence:,1,"Never was I ever in love with a girl.
Never was I ever with her for any time.
Never was I ever in love with her for any long time.
Never was I ever with her for any of time.
Never was I ever in love with her for any money.
Never was I ever in love with her for any sex.
Never was I ever in love with her for any money.
Never was I ever in love with her for any money."
innocence,Write a poem about innocence:,2,"If the guilt or guilt you find is not your fault
You can't be silent about it and forgive it
You can't just ignore it but take action
And change the way you view yourself.
I hope you found this useful
If you've enjoyed this journey,
Then please share it with others
by commenting below.
Like this: Like Loading..."
january,Write a poem about january:,0,"What else can there be?
Why do we have to be careful?
It is not enough to have your name
You have to give the poem to your friend
I give it to you every Friday,
We have to write it every day.
Why does it take so long?
Your name is not important
My name is my family name
You have to give the poem to a friend
Don't get upset if I never come back,
I don't think"
january,Write a poem about january:,1,"january is the most important day of your life.
If you haven't already, you should check out the amazing book entitled ""The january on the wall"" by Neil Gaiman.
It was the most popular book of all time.
If you don't like this book, you should check out the book entitled ""The january on the wall"" by Neil Gaiman.
If you don't like the book, you should check out the book entitled ""The january on"
january,Write a poem about january:,2,
joy,Write a poem about joy:,0,"And do thou know the bliss which you are to receive;
But with great pain and with great sorrow
And without remorse for any fault,
And without remorse for any ill-will,
Then thou wouldst find it in us:
But with great pain and with great sorrow
And without remorse for any fault,
Then thou wouldst find it in us:
But with great pain and with great sorrow
And without remorse for any fault
Then thou wouldst find it"
joy,Write a poem about joy:,1,"And if you love
My love, you will never see it
in your heart.
Love is a kind of memory
that burns when it gets in your throat.
Love is a little something
that makes your heart move.
Love is a little thing that gives me
a sense of unity.
In the midst of the love,
I find the sweetest light,
the gentle warmest love.
Love is what helps me to be free
from stress."
joy,Write a poem about joy:,2,"Oh, how sweet and so wonderful
Your gentle voice
Was too much to bear.
O, that's not it
The love that has made you,
Is so much sweet and so wonderful
Your gentle voice
Was too much to bear.
O, that's not it
The love that has made you,
Is so much sweet and so wonderful
Your gentle voice
Was too much to bear.
O, that's not it
The love that has made"
june,Write a poem about june:,0,"The year's first summer morning
was the evening we were playing the piano
and jingling our hands
in front of our house
that morning we were suddenly awoken
and there was a light on the piano
and jingle in the air like a bell
the second we woke to the sound of an unearthly voice
and jingle in the air like a bell
we heard what sounded like an unearthly voice
and as we took our long breaths
the"
june,Write a poem about june:,1,"I don't know it's so funny,
But I was thinking that it's just a joke,
And just because it was so fun, I got some fun,
And it's funny.


I don't know it's a really funny poem,
I don't know it's one of the best poems I've ever written,
It just gets me down.
And sometimes I'm always writing funny poems,
But sometimes I'm just trying to write funny poems"
june,Write a poem about june:,2,"I'll make sure you know all the poems you'd write about.
So you can write poems about
a flower, a leaf, or a
tree.
A poem about a tree, a leaf, or a
tree.
A poem about a leaf, a leaf, or a
tree.
A poem about a leaf, a leaf, or a
tree.
A poem about a leaf, a leaf, or a
tree.
A poem about a leaf"
justice,Write a poem about justice:,0,"What I hear is a voice telling me
My life depends on justice—what I hear is a voice telling me
My life depends on Justice.
The poem:
What I hear is a voice telling me
My life depends on Justice.
The poem:
What I hear is a voice telling me
My life depends on Justice.
The poem:
What I hear is a voice telling me
My life depends on Justice.
The poem:
What I hear is"
justice,Write a poem about justice:,1,"Justice, justice, justice… is the only thing that keeps the world together.
That's why I've come to this conclusion…
Justice, justice, justice… is the only thing that keeps the world together.
The justice of a law
A law that makes a man a better man
When you are not trying to win a fight, you are fighting a war.
The justice of a war that can bring people together,
When you are not fighting a war, you"
justice,Write a poem about justice:,2,"A poem about justice:
A poem about justice:
You hear about justice. I hear about justice.
The truth is, justice does not work. It's not fair, it's not humane, or it's not a system of justice.
You hear about justice. I hear about justice.
I don't know what justice means, but I do know it's not the right thing to do.
But we do know what justice means.
Justice is an imperfect human"
kiss,Write a poem about kiss:,0,"Barely 2 words, I can say this, but
The kissing takes its shape when one kiss
Of each second to finish
By giving the love the same expression
That we could write and sing
In different parts of the world
When they kiss each other on the cheek
Of the day they kiss again
And the day after they kiss again
They kiss for love.
In a way it takes a second for me to
Be in love with you.
B"
kiss,Write a poem about kiss:,1,"In order to be happy, you must write a poem about kiss.
When the kiss is to be finished, write a poem about kiss.
When the kiss is to be finished, write a poem about kiss.
Do not kiss with a smiley face,
No, no, no, no, no, no, not kissing,
No, no, no, no, no, not kissing, no, no, no, no, no, no, no,"
kiss,Write a poem about kiss:,2,"You can always kiss me
But the thought of touching you is scary
It's an amazing feeling
As you're feeling me on your skin
You kiss me and it's amazing
It's as if you're trying to escape
You're feeling me on your skin
It's as if I've taken you away
You're feeling me on my skin
You're touching my heart like you're drowning
You're in my eyes
You're kissing me for the love of my"
laughter,Write a poem about laughter:,0,"I've found that you can be funny
With a smile,
It's just as funny
If you laugh like you normally do,
And you smile like you normally do.
You can be funny with the smile,
And it's just as funny if you laugh like you normally do.
If you laugh like you normally do, and you laugh like you normally do,
You can be funny with the laugh, and it's just as funny if you laugh like you normally"
laughter,Write a poem about laughter:,1,"If you like it, love it and keep it
and love it more.
Laugh is good, love is bad,
It's not easy to make an impression.
If you like it, enjoy it,
It's not easy to make an impression.
Laugh is not easy to make an impression.
If you like it, enjoy it,
It's not easy to make an impression.
Laugh is not easy to make an impression.
Laugh"
laughter,Write a poem about laughter:,2,"It is not the laughter but the laughter,
A new song will be sung to you
On the first day of a week:
I hope I have not got you.
But if you really do want to live the life of a man,
My hope is that you will live the life of a woman.
And if you are so interested in being loved,
You will be my best friend.
Do you know that my happiness is not only your happiness,
But"
life,Write a poem about life:,0,"For there to be a love in the world
With which we can live
In love and strife
The longing for love is a matter of life
That can be changed forever.
Love is our heart's love;
Love is our strength;
Love is our power;
It is our power which we can turn.
It is the reason that we are born
That is the reason that we are given up.
So why doesn't the world have love?
Because"
life,Write a poem about life:,1,"Then a poem is better than no poem.
When poets write in poetic form:
And it is true that poetry is better than no poem.
It is false that poetry is better than no poem.
If poetry is better than no poem:
It is true that poetry is better than no poem.
When poets write in poetic form:
And it is true that poetry is better than no poem.
When poets write in poetic form:
And it is true that poetry"
life,Write a poem about life:,2,"A great poem of a happy day
My heart is warm and my heart is cold
I love a song about love:
A song for love
A song of a happy day
My heart is warm and my heart is cold
I love a song about love
A poem of a happy day
A love poem for my heart
A song of a happy day
My heart is warm and my heart is cold
I love a poem about love
A poem of a happy day"
lonely,Write a poem about lonely:,0,How are you? I've got a good way there. But there's an old lady. I told her I would do her an honor. How dare you? There's something strange about this. She says I don't know what it is. I'm still too young to remember the words. Do you know what you've done? I told her to tell her what happened. It's not like you could call this a friendship. You're young. It's not like you're ready to
lonely,Write a poem about lonely:,1,"But you will not understand it
It is the true love
That leaves you.
And I will be there
To bring you your true love
And hope you will be happy
Because I am you
My true love
As far as my heart goes
And all the rest
Will remain the same.
Don't believe me
They say you are
A lonely spirit
And lonely men
They say that you are not
The love you are.
I will be"
lonely,Write a poem about lonely:,2,"And we are both alone;
And in the heart of the song we sing the song;
In the heart of the poem we sing the song
As the poem sings us the song
Is still alive when we sing the song.
In the heart of the poem we sing the song
As the poem sings us the song.
In the heart of the poem we sing the song
As the poem sings us the song
Is still alive when we sing the song.
To"
loss,Write a poem about loss:,0,"The poem is a part of my life.
The poem is a part of my life.
The poem is a part of my life.
A poem is a part of my life.
There is something about the poem I am afraid of.
You want to tell me that I was afraid.
You want to ask me what is wrong with you.
You want to share your tears and ask me if I can help you.
The poem is a part of my life"
loss,Write a poem about loss:,1,"""A lot of sadness,"" says an author. ""It's not that the world is cruel. It's that the people and the circumstances are horrible. It's a huge shock, but it is a human experience. It is a profound human experience, one that you can understand in a lot of ways. It is the way you feel, in a kind of physical way.""
It's a kind of human experience, one that you can understand in a lot of ways. It is the way"
loss,Write a poem about loss:,2,"You have been through a huge loss. You don't know what's ahead. You have to find something better to share.
You've been through a big loss. You don't know what's ahead.
You think that something better to share is possible.
You think that your loss is something that doesn't seem to matter.
You think that something that isn't worth sharing is somehow worth it.
You think that something that isn't worth sharing is something that just looks better"
lost,Write a poem about lost:,0,"You know your place,
And when the day comes for you to leave
You'll find your place as the only one left.
You'll find a place in life that you can always call home.
Your life is full of joy and love.
Your happiness is all around you.
Your life is full of laughter,
And your sadness and sorrow makes you laugh.
Your life is full of dreams and laughter.
Your life is full of laughter and laughter."
lost,Write a poem about lost:,1,"A poem of grief:
How much it must love to die
A poem of pain:
How much it must miss me
A poem of joy
What it must have wanted to do,
What it must have missed,
What it must have missed,
How much it must love to be sad
A poem of love
A poem of pain
Why should it lose one's life?
A poem of pain
Why should it lose all?
A poem of pain"
lost,Write a poem about lost:,2,"Lyrics by Jules Verne.
Lyrics by Jules Verne.
Lyrics by Jules Verne.
Lyrics by Jules Verne.
Words by Peter J. Schumacher.
Lyrics by Peter J. Schumacher.
Lyrics by Peter J. Schumacher.
Words by Peter J. Schumacher.
Words by Peter J. Schumacher.
Lyrics by Peter J. Schumacher."
love,Write a poem about love:,0,"love is just an end,
love is just a means,
love is just a means to an end.
Love is a gift,
love is just a means to an end.
Love is a great gift,
love is just a means to an end.
Love is the gift you give away,
love is just a means to an end.
Love is the gift you give away,
love is just a means to an end.
Love is the gift"
love,Write a poem about love:,1,"The love is in the air (love is all around you)
And the love is in the water (love is all around me)
And the love is in the air and the rain is streaming
And the love is in the fire and the winds are blowing
And the love is in the water and the wind is blowing
In love is a loving one (in all):
It is a love you can not express
The love is not in a blanket or blanket
That"
love,Write a poem about love:,2,"If you love me, you'll have a heart,
If you love me, I'll let you take it,
If you love me, I'll let you run it.
Love is a man's best weapon;
Love is a man's best friend;
Love is your best friend.
Love is your best friend in every respect.
Love is your friend in every respect.
Love is your friend in every respect.
Love is your friend in every respect."
lust,Write a poem about lust:,0,"My love is sweet
When I hear your words,
Your love is cold
And you're a good girl,
But for a moment,
You cry,
I can't believe
My love will be happy
When my heart thunders
With the kiss that would've made you happy
In the morning,
But you cry.
You cry,
What could I have done to make you happy
?
My love will never be happy

And you cry"
lust,Write a poem about lust:,1,"It'll come so fast and furious in my heart,
Which will not fail to tear and tear away
The last drop of my blood;
But if it be so, let it flow in like a stream,
The last drop of my blood is the last drop,
That all my pain be gone, and that I shall not run
Until death, or the last drop of my blood,
All is at an end, and nothing is left to me,
So the"
lust,Write a poem about lust:,2,"It's like a poem, or a song
That I can listen to or play
When I'm in love with someone
And it's almost like the song
Or the poem
Or the song
Is a good song, or a good song
The love of my heart is just what's keeping me happy
It's like love is just a part of me
That makes me happy,
But when it's like a poem,
It's a song that I can hear"
marriage,Write a poem about marriage:,0,"Your best friend loves you,
Your best friend loves you too,
And your best friend loves you.
Your best friend will be glad to hear
A love you love to you as a gift.
Your best friend will be grateful for your love
And will love you with an open heart.
Your best friend will not be jealous if you hate her
And do not let her get jealous,
If you don't love her as much as you love her.
Your"
marriage,Write a poem about marriage:,1,"A poem about love
Love is something you can do
You can make a difference
And I will be glad to hear your words:
Love isn't just a tool for making life easier,
But it's a tool for making life easier for you.
Love is the best way to live your life.
Love is the best way to live your life.
Love is the best way to live your life.
Love is the best way to live your life.
Love is"
marriage,Write a poem about marriage:,2,"This poem was written as I was going up that hill,
to go home.
The hills are beautiful.
The beautiful ones.
The beautiful ones.
You can't make out a picture from a picture.
What you can see is the difference between a picture and a picture.
If a picture is of the same shape as a picture, that's not a picture.
The pictures are of the same color as a picture.
If a picture is of the same"
memory,Write a poem about memory:,0,"Memories, remembering, memory
The dream that was it all,
For you were born in a dream,
And now your soul is gone.
You have forgotten something, you have lost
This last bit of your life.
So go ahead, write one story,
In remembrance of what you are.
But I promise you never to tell it again,
You'll never tell the same story again.
So go ahead, write one poem,
With words,"
memory,Write a poem about memory:,1,"Your memories do not last forever and
Remembering them is like listening to a song by a friend
or a song by a friend.
Each song, no matter what song it is,
remains the same,
until you remember your memories.
If you have forgotten, you cannot know the meaning
of that song.
You can only remember what is written and
What is written is remembered.
Every time you write your poem,
your memory is lost forever."
memory,Write a poem about memory:,2,"The way you recall your memories is through the use of memories
A memory from a dream or a daydream is an emotional memory
It's not your usual memory to remember the past
It's all one day's memory of your day
You're trying to remember the past as if it were a memory
You're repeating past memories to get rid of memories
You can forget the past when you want to remember your day
The past is your memory when you need to remember your day"
mirror,Write a poem about mirror:,0,"By God is not,
Who is not my mirror,
A mirror of my self,
A mirror of me,
A mirror of all my life.
For you,
The mirror of my self,
Your life.
For you,
The mirror of your self,
You,
My mirror,
As I have always loved.
When you fall,
You fall,
Your eyes open,
To gaze down upon me.
The mirror of my"
mirror,Write a poem about mirror:,1,"If the sun shines the black
and there is no sun,
I am a mirror, I stand on my face.
If the moon shines the white
and there is no moon,
I am a mirror, I stand on my face.
If the sun shines the white
and there is no sun,
I am a mirror, I stand on my face.
If the moon shines the white
and there is no moon,
I am a mirror, I stand"
mirror,Write a poem about mirror:,2,A poem of mirrors with mirrors! A poem that mirrors a mirror! A poem with mirrors! A poem that mirrors a mirror! A poem that mirrors a mirror! A poem that mirrors a mirror! A poem that mirrors a mirror! A poem that mirrors a mirror! A poem that mirrors a mirror! A poem that mirrors a mirror! A poem that mirrors a mirror! A poem that mirrors a mirror! A poem that mirrors a mirror! A poem that mirrors a mirror! A poem that mirrors
money,Write a poem about money:,0,"But we're not money
We're money. We're not even money.
The poet was talking about the way money could help us
The poet was talking about the way money could help us.
The poet said we could write
a poem about money and have it get bigger
But we're not money, we're not money.
The poet was talking about how money could help us
He said money was a sign
So we were still cash
But the poem didn"
money,Write a poem about money:,1,"Why am I rich?
I'm rich;
I'm wealthy;
I am rich.
I'm rich.
How can I keep this?
Let's keep on this road.
We're gonna have to start again.
You know, that's what this place is,
the house of the rich.
I want to help you find a place to live
and I don't know where I am going to go.
Well, I don't know who"
money,Write a poem about money:,2,"For the poet whose poetry I will speak,
Take the money you have and share it with me:
For this poet who cannot write a poem,
I will take you with me:
For you have to speak as a poet,
To hear as a poet,
And to understand as a poet:
For the poet who cannot write poetry,
I will take you with me:
To hear as a poet,
And to understand as a poet:
For the"
moon,Write a poem about moon:,0,"I wrote this poem about moon:
A poem about moon is not a poem about moon. It is a poem about moon's
unraveling from the human experience.
""You've done a fine job: not a poem about moon
but a poem about moon's power.""
""Moonlight is the most powerful weapon on earth.""
""Moonlight will create life.""
""Moonlight is not just some moonlit star.""
""Moonlight can bring you happiness."""
moon,Write a poem about moon:,1,"This poem is more than a poem
It is the foundation of my life.
I am the mother of the moon
To this woman, that,
A dream of a young moon was dreamt.
The moon is my life.
As a mother, you will have to grow up.
You will have to find your voice
And the voices of the stars.
You will have to go to your doctor
For your symptoms are now severe.
You will have to"
moon,Write a poem about moon:,2,"That's what he wanted me to write
And I loved you so much I couldn't stop crying
I never thought I'd write a poem about moon
If he'd tell you how to write a poem about moon
I'd write a poem about moon!
If he'd tell you how to write a poem about moon
I'd write a poem about moon!
If he'd tell you how to write a poem about moon
I'd write a poem about moon!
If"
mother,Write a poem about mother:,0,"A girl in a high-school year home school is always out partying, because she knows how to get along with boys.

A boy in high school says to her, ""Hey, girl, get in the car, get home, and I'll hang out with you.""

A girl in a high-school year home school is always on her way home, because she likes to take a walk.

A boy in high school says, ""Hey, girl, get in the car"
mother,Write a poem about mother:,1,"To my dear husband and daughters
My dear father and daughters
How would you love
The only one who
Saved you,
That will live.
I am glad we live
In such a happy little village
I could tell you how much you loved
But the truth is that
What I felt was only
Sugar-sweet love.
But I'm glad that you are alive
And have come to live
With your family!
So love the mother as"
mother,Write a poem about mother:,2,"Mother, thou wast an easy,
Mother, my heart was not strong.
Mother, you were a woman,
Mother, my heart was not strong.
Mother, I was your mother,
Mother, my heart was not strong.
Mother, I was your mother,
Mother, my heart was not strong.
Mother, I was your mother,
Mother, my heart was not strong.
Mother, I was your mother,
Mother, my heart was not"
murder,Write a poem about murder:,0,"""This time it is for the night, it is for a time of mourning,
I have a very sad heart, but all the day I am gone:
In the last days I have been very happy, so now I am dead
I had a terrible fear, but now I live
So I find myself free, in a very happy state,
It is a very happy life for me, so I am free
The one who is not free, so I am free"
murder,Write a poem about murder:,1,"My thoughts are a nightmare,
I'm afraid to die,
But I do believe that a good life
Will make me a better person.
To me, life is an escape from a nightmare
That takes no thought or deed.
My thoughts are a nightmare,
I do believe that a good life
Will make me a better person.
To me, life is an escape from a nightmare
That takes no thought or deed.
To me, life is an escape"
murder,Write a poem about murder:,2,"The love that is not only true and eternal, but
The perfect love for a mother
Which makes life seem like heaven
And even though the world is empty
You know that I cannot say no.
I want you to know that there is love
You know that you are loved;
I want you to know that there is love for me.
I want you to know that your love is eternal,
And there is nothing you cannot love for you.
Love is"
music,Write a poem about music:,0,"The first poem about music is the first poem about music. The poems are written in a letter
written at the start of the poem,
that begins in the beginning of the poem.
The poem is then finished with a little tune.
The poems are written on paper
and then put on paper,
that is, in pencils,
for the purposes of composing.
We use this form of writing to create a poem,
with no ink on the paper.
We"
music,Write a poem about music:,1,
music,Write a poem about music:,2,"""Music is a good teacher, and a good teacher, too.
It's like a beautiful painting of the wind,
And the melody is like the music,
And you have a picture of your teacher,
And I hear the teacher sing,
And you have a picture of your teacher,
And I sing and I sing,
And you have a picture of your teacher,
And I can do that.""
""The teacher is not always good at what he does"
nature,Write a poem about nature:,0,"""I am your world; I am the world you created. I am the world you built. I am the earth; I am the earth I created, but only the earth.""
""Earth,"" says poet David Foster Wallace, ""is a land. It is a land you created. It is the ground I built. It is the water that flows through the sand that comes down, the waves that come from the ground that I created. It is the water that you breathe, and I"
nature,Write a poem about nature:,1,"Nature is not the center of the universe;
Nature is not the center of the universe,
Nature is not the center of the universe.
Nature is not the center of the universe,
Nature is not the center of the universe.
Nature is not the center of the universe,
Nature is not the center of the universe.
Nature is not the center of the universe,
Nature is not the center of the universe.
Nature is not the center of the universe,"
nature,Write a poem about nature:,2,"When I say nature is nature,
It is like this:
It is all my creation;
My life is nothing but what it is:
It is all my world;
My body is nothing but what it is
Nothing but my body;
My world is nothing but what I am
Nothing but my body.
All of my life is in love;
My world is not one thing;
My body is nothing but what I am
Nothing but my body."
night,Write a poem about night:,0,"'The day is dark, and I'm still asleep'
And 'the sun does not rise'
I don't want to be sleepy
But there is nothing to do
To do any other way
I don't want to be sleepy and sad
But there is nothing to do
To do any other way
I don't want to be sad and happy
'The day is dark, and I'm still asleep'
And 'the sun does not rise'
I"
night,Write a poem about night:,1,"If you can't sleep and wake from this, why can't I sleep?
A poem about nights:
If you can't sleep and wake from this, why can't I sleep?
A poem about sleep:
If you can't sleep and wake from this, why can't I sleep?
A poem about sleep:
If you can't sleep and wake from this, why can't I sleep?
A poem about sleep:
If you can't sleep and wake"
night,Write a poem about night:,2,"By night, in a dark room,
It's all dark. The shadows, and
the bright lights, and the bright colors
the colors of all those lights.
The only things left of me
when I woke up were the sheets
of sheets.
I didn't know what my dreams were,
I had dreams, and dreams are dreams.
So I wrote a poem about night,
In a dark room,
It's all dark. The shadows, and"
ocean,Write a poem about ocean:,0,"Forgive me,
That I have seen no other way
The same as your own
I wish to thank
The many who sent you,
For they could all be in love
Or for you
Were more like them than the rest,
The most beautiful of the sea,
Or the least human
That I know.
Love is a flower
It never grows old
And never dies.
If it were true that I was
The most precious one,"
ocean,Write a poem about ocean:,1,"A poem of ocean is ocean,
A poem of ocean is ocean.
An ocean poem
is ocean, a poem of ocean.
The ocean poem is ocean, a poem of ocean.
In the ocean poem ocean is ocean.
There is a poem of ocean on my mind
and I will write this poem.
You will read this poem in my dream
and I will write this poem.
The ocean poem is ocean, a poem of ocean.
If the"
ocean,Write a poem about ocean:,2,"It is so beautiful, we don't need a story, or an excuse.
It is so beautiful, we don't need a story, or an excuse.
It is so beautiful, we do need a story.
And it is so beautiful, we don't need to be a hero.
We are the sun, and we are the moon,
And we are the star, and we are the sun and moon.
And they are so beautiful, and they are beautiful"
paris,Write a poem about paris:,0,"'C'est le paris qu'il pas peau d'aître,
'Est les paris que ne paris,
'Je suis le paris qu'il pas peau d'aître.'
(César de la bien, avec la luta à la bien,
'Le paris d'eux seulement,
'L'une la bien seulement,
'Je su"
paris,Write a poem about paris:,1,"Here are those who shall die,
And the one who shall rise;
And the one who shall stand;
And the one who shall be
Who shall be able to say what he says;
For a child shall be a child,
He shall be a child,
And he shall be a child,
And he shall be a child,
And he shall be a child,
And he shall be a child,
And he shall be a child,
And"
paris,Write a poem about paris:,2,
passion,Write a poem about passion:,0,"I'm always drawn to pain;
You may be my friend,
But I love you when you're dead;
I can never understand how that's possible
For a man who has done nothing,
But a soul who has suffered.
But your heart has no pain:
That's why I love you:
I'd never lose it for you
I love you when you're dead.
Don't think I'm crazy;
The pain's over,
And"
passion,Write a poem about passion:,1,"I'll tell you why love and love are like the sky and the trees
You'll see, I'll tell you what we do.
There will be no more love between our hearts
We will all be the same;
But love and love are so different
As we do the same things to each other
We have not been that way;
And we have all come to hate
How can we love one another?
I will tell you why love is so hard to"
passion,Write a poem about passion:,2,"A word is one thing only one thing is.
""Love is a wonderful feeling that binds you together.
In my heart
I'm the same
You must love me every day with your heart
A day of rest, and
I will never forget
My love for you.
""When you love me you can call me
""A beautiful person with deep thoughts.
""But when you don't love me
You find me a little lonely.
""Don't"
peace,Write a poem about peace:,0,"If you know the peace you will endure,
When you can give us your love,
When you can give us our love.
Peace has been given to us
By the Lord
with God's help
If we do this to you again
then peace will be ours.
Peace is made for us by our hearts
Peace is made to have
the gift of a loving God
We may use and enjoy it forever
Peace is made to be
the gift of God"
peace,Write a poem about peace:,1,"The peace of my heart, and of my mind, are now a truth of my heart
That I know not, and is a lie.
Peace and love, and love are in us all.
Peace is life, and a life of love.
Peace is time, and love.
Peace is love, and love is a love.
Peace is love.
Peace is love, and love is a love.
Peace is the light of our lives, and the light"
peace,Write a poem about peace:,2,"Do thou not believe in the power of love
and love shall not make things perfect
and love shall be with the one
and love shall be with the one.
Do not imagine in your dreams
that you may not be alone
and make dreams of happiness
and dreams of bliss.
Do not believe in the power of love
and love shall not make things perfect
and love shall be with the one
and love shall be with the one.
Do not imagine in"
pink,Write a poem about pink:,0,"The poet said, 'I want to do this for me, and I want to do it without any help,' and so he did. I hope he did.'
I hope that he does. I hope he has that chance. I hope he does. He'll be a good poet, and in that way he'll be the writer of poems. He may be a poet or a poet, as long as I write. If he does, I'll write about it.
In a poem"
pink,Write a poem about pink:,1,"What would happen to you if a cat started talking to you
and made you weep?
What would happen to you if the cats started talking to you
but you didn't feel any pity?
What would happen to you if the cats started talking to you
but you didn't feel any pity?
What would happen to you if the cats started talking to you
but you didn't feel any sympathy?
You would be a bit of a pain in the ass.
Well"
pink,Write a poem about pink:,2,"I'd love to write something,
but I haven't read a poem like this
in more than one year.
Love and kindness can't escape my mind.
I wonder, though, what it means to be pink.
Love makes you want to be pink,
but it makes you feel sad and sad.
Love's power comes from love,
and love's love is stronger than love.
Love is love's power,
because it's true love."
poem,Write a poem about poem:,0,
poem,Write a poem about poem:,1,"1. Love is something of a word,
2. It means that you are free to have the freedom,
3. Love is what a friend might say when he
says ""your love is right"".
4. Love can be seen in a different light than the day
of your life,
5. It's not a question of what you want, but of what you are
going through.
6. Love is not a part of your life,
7"
poem,Write a poem about poem:,2,"If you are a poem poet,
Let go this poem with it
It will make you happy.
You want to write a poem,
Let go this poem with it.
It will make you feel happy.
If you are a poem poet,
Let go this poem with it.
It will make you feel sad.
If you are a poem poem poet,
Let go this poem with it.
It will make you happy.
If you are a poem"
poetry,Write a poem about poetry:,0,"In writing, if I am writing in rhyme,
I am writing a poem and I am just getting started.
If it is all that I can do,
I am the same and we are just going to hang out.
When I write poems, they do not seem to be like poems,
That is because I can not be very good at it.
However, when I write poems in rhyme,
I have to write some words, I have to write"
poetry,Write a poem about poetry:,1,"The poet is the best
Of all poets;
He knows what they are;
He loves them, and love is
A strong heart.
To the artist poetry is
The first step toward being
Of all poets;
The artist is the best
Of all poets;
He knows what they are;
He loves them, and love is
A strong heart.
To the poet poets are
The first step toward being
Of all poets;
The artist is"
poetry,Write a poem about poetry:,2,"Take care of your work and remember your heart,
The one thing that matters is the words.


What is poetry?
The answer is to love.


Love doesn't just have a name, it has meaning.
We love poems for the word, the expression, the meaning.
It doesn't mean that it's written for you.
It means that you are the only one who wants to be loved.


What poetry means?
Love doesn't mean"
poverty,Write a poem about poverty:,0,"In the land of a thousand days,
A thousand years, and there shall be none.
In the land of a thousand years,
A thousand years, and there shall be none.
The land of a thousand years, and there shall be none.
The land of a thousand years, and there shall be none.
In the land of a thousand years, and there shall be none.
The land of a thousand years, and there shall be none.
The land"
poverty,Write a poem about poverty:,1,"A poem about poverty is more than a poem about love:
A poem about poverty is more than a poem about love:
A poem about poverty is more than a poem about love:
""A poem about poverty is more than a poem about love:
""A poem about poverty is more than a poem about love:
""A poem about poverty is more than a poem about love:
""A poem about poverty is more than a poem about love:
""A poem about"
poverty,Write a poem about poverty:,2,"Every little problem is a human problem,
And every little hardship is a human problem.
I pray to thee that thou hast found that life is worth living
To love life and to help others.
I pray to thee that thou hast found that life is worth living to have
A chance to grow beyond the reach of human frailty
And to be part of a flourishing society with a happy life.
I pray that thou hast found that life is worth living to have
The"
power,Write a poem about power:,0,"You're right; you're right; you're right; you're right;
What you're doing and not
Why does your hand
Do it like my hand
You are doing and not
When do you decide?
What if you didn't go
You're doing and not
What if you just did
You're not doing and not
What if you just did it for a little while
You're going to be a part of it again
You're going to"
power,Write a poem about power:,1,"My power is power: not a mere matter of my being:
My power is power -
My power is power -
The powers of my being -
All power -
And all my power -
My power -
My power is power -
The powers of my being -
And my power -
This is how my power is:
My power is power -
You power is power -
Your power is power -
The powers of my being -
And"
power,Write a poem about power:,2,"""I shall be a god,
And I shall be a king,
And I shall live forever.
I will live forever,
The end, if I live to be king,
And the end, if I die,
I shall be a god,
And I shall live forever.
""I will be a god,
And I shall be a king,
And I shall live forever.
""I will be a god,
And I shall live forever"
racism,Write a poem about racism:,0,"The racism of our culture
Tells us we are a racist nation
And tells us we are lazy
And lazy we aren't smart
And lazy we don't have any ideas
And lazy we don't understand
The racism of our culture
Tells us we are lazy and lazy
And lazy we aren't smart
And lazy we don't have any ideas
And lazy we don't know
The racism of our culture
Tells us we are lazy and lazy
And"
racism,Write a poem about racism:,1,"A poem about racism:
A poem about racism:
A poem about racism:
A poem about racism:
A poem about racism:
A poem about racism:
A poem about racism:
A poem about racism:
A poem about racism:
A poem about racism:
A poem about racism:
A poem about racism:
A poem about racism:
A poem about racism:
A poem about racism:
A poem about racism:
A poem about"
racism,Write a poem about racism:,2,"You will find this poem very interesting.
One could easily think it meant something like
The people's lives, which I think can have profound impact
On life-force.
One could also think of the injustices they face
While the things they do not do
Are simply the result of others' decisions.
I think of this poem as a reflection of what we all can do,
Through an understanding of our own feelings,
We can find something powerful in someone's"
rain,Write a poem about rain:,0,"""A rainy night, rain, you will come
to my house again, I will say it.
""A rainy day, rain, you will come
to my house again, I will say it.
""A rainy night, rain, you will come
to my house again, I will say it.
""A rainy day, rain, you will come
to my house again, I will say it.
""A rainy night, rain"
rain,Write a poem about rain:,1,"There is a storm coming on the ground
and I have no time to cry
or to weep
and it is a wind that is blowing
and the rain is coming
and the rain is coming
and the wind is blowing
and I have no time to cry
or to weep
and it is a wind that is blowing
and the rain is coming
and the rain is coming
and I have no time to cry
or to weep
and it is a wind that"
rain,Write a poem about rain:,2,"This poem is more than just a poem
It will help you to enjoy your poem
Or to express your feelings in a way that is sincere
I don't mean to say that you must be sincere
I am merely saying that this poem is to express your emotions and feelings
My intention is to express your innermost desire
I'm very confident that you will find happiness with the poem
You can't say that you can't live with that poem
Or that you cannot believe that"
rainbow,Write a poem about rainbow:,0,"The Rainbow rainbow in the sky is the rainbow that lies in the deepest end of the rainbow.
Rainbow is the perfect rainbow to be seen when
wandering at the sea.
""And as the rainbow swells, so does the sky.
The rainbow rises and falls, and in its center there is the white and violet.
The white and violet that make up the rainbow are the colors of all the colors in nature,
and the sky is all of those colors in"
rainbow,Write a poem about rainbow:,1,"You can't write a poem about rainbow with an English accent
The accent is pronounced as I write
The accent is pronounced as the word I write
You can't write about rainbow with an American accent
The accent is pronounced as I write
I have two American accents
I have two American accents
The accent is pronounced as I write
You can't write about rainbow with an English accent
The accent is pronounced as I write
The accent is pronounced as I write
I have"
rainbow,Write a poem about rainbow:,2,"Buddha:
I'm so glad for thee.
And it's easy to believe the world is round.
Buddha:
But I am in love with you.
Buddha:
And if not in love with me,
I don't love you.
Buddha:
Yes, and if I did,
My love would not be so different.
Buddha:
If you love me so,
I will never be with"
red,Write a poem about red:,0,"the red red, the red red
the red red is the new red, the red red
the new red, the new red, the new red
the new red, the new red, the new red
the new red, the new red, the new red
the red red, the red red, the new red
the red red, the red red, the red red
the red red, the red red, the red red
the red red, the red red"
red,Write a poem about red:,1,"You can't see it from the black.
You can't see that this thing has been red for generations.
You can't see what that thing must have been.
You can't even see that it must have had such a different identity.
You can't see how it must have been different and had the identity that it had.
You can't even see that this thing must have had the identity that it had.
You can't even see how this thing must have"
red,Write a poem about red:,2,"And then get your feet wet:
By which it would be difficult
to make the words'red' and 'blue'
are the same:
To make it a plain story
and say'red' and 'blue'
and 'blue'
in a rhyme that makes the words'red' and 'blue'
like'red' and 'blue'.
But remember,
You don't have to think it out
and put up your book
and"
remember,Write a poem about remember:,0,"""Remember I'm not going to go away...
I don't want to lose my memory,
I'm going to live again.""
""But no, forget that, I've forgotten...
We may not know, but the memory is forever
The words are forever etched in my mind
The memory is forever etched into my body
The words are forever etched into my mind...""
""But no, I remember what you're saying,
I remember you's body,"
remember,Write a poem about remember:,1,"A long time ago when I was a kid, my friends used to talk about it all. But I was so dumb when I was older, I thought about my dad. And when my little brother fell in love with me, we started laughing together in bed, thinking about him.
My dad was my best friend, my best friend, my best friend, and he was a big brother, too.
I was a young girl, and he was always trying to help me. Sometimes I"
remember,Write a poem about remember:,2,"The best thing that happens to a person is, to be reminded about their past:
Do not be ashamed of yourself, for that will hurt you and cause you pain.
Have a good time remembering!
Happy memories will always come to you,
Remember, remember and forget!
I've done it the wrong way
I've done it in the wrong way
A lot of things are a lot of fun!
I love that I've done it right,
I love"
respect,Write a poem about respect:,0,"In a letter I write with love,
In love, in love.
That is what I write about the world,
And love, in love.
And love, in love, in love.
That is what I write about the world,
And love, in love.
In love, in love, in love.
In love, in love, in love.
In love, in love, in love.
And love, in love, in love."
respect,Write a poem about respect:,1,"The poem of respect
and the poem of disrespect
and the poem of disrespect
and the poem of disrespect
and the poem of disrespect
and the poem of disrespect
and the poem of disrespect
and the poem of disrespect
and the poem of disrespect
And the poem of disrespect
and the poem of disrespect
And the poem of disrespect
and the poem of disrespect
And the poem of disrespect
And the poem of disrespect
And the poem of disrespect
And the poem of"
respect,Write a poem about respect:,2,"A poem with a theme and a way of expressing respect for others:
A poem in the hope of sharing your thoughts and feelings:
I've never been much for love or laughter. I never liked the things I said,
Not for the good of other people or myself. I loved the people I knew,
And even loved them when they were different. I enjoyed the life they lived.
A poem about friendship:
A poem in love and friendship:
A poem about"
river,Write a poem about river:,0,"It is the river's flow,
That has made a great valley.
A hill,
And the river's crest.
A wall,
And the river's flow.
A hill,
And the river's crest.
A wall,
And the river's flow.
The name, and the river's flow.
The name, and the river's flow.
It is the river's flow,
That has made a great valley
Breath of green"
river,Write a poem about river:,1,"You are all that matters to me, the river
And you are all that matters to me, the river
And you are all that matters to me, the river
You are all that matters to me, the river
And you are all that matters to me, the river
As long as you can be in the river
That's why it's great
The river is the greatest river
All that matters to me, the river
And all that matters to me, the"
river,Write a poem about river:,2,"Go and read river
The poem in the hand
Of a river, in the valley of the
River.
The poem is just the start of
the river's life.
Go through a poem of rivers
There is nothing more, nothing less,
On this river, through river-like streams.
Go and read river
The poem in the hand of a river, in the valley of
The River.
The poem is just the start of the river's life"
romance,Write a poem about romance:,0,"How to marry and be a woman
In the morning you hear a beautiful woman
The first thing that comes to mind
Is what you can't do. A few minutes away from home
I find her smiling,
How can we take her back home
So that we can go to dinner together?
I have heard many stories of women who are lonely and unhappy
I love her, but it feels so lonely
To make me understand that I must be happy
A woman who"
romance,Write a poem about romance:,1,"I shall not say anything about romance (or any of its other terms), but rather do not know what romance is or what love is in love. I find that romance is an emotional, not merely a physical emotion. Love is a love that transcends emotions and divides your body and mind. Love is a way of life that transforms you from a broken man to a fully human man. Love is a way to find true love. Love is love that you will always have, and love is"
romance,Write a poem about romance:,2,"http://sarah.kubee.edu/blog/thesimour_in_relationships
What is romance?
Love is a concept of being, being the opposite of good:
love is good, and a person's good:
love is good, and a person's bad:
Love is bad.
I hope you find the love you always so relish.
I love love you and want to be loved as much as I can, to love you"
romantic,Write a poem about romantic:,0,"the poem is to make me know my words
The poem is to show you that you are not alone
The poem is to show you that if something is easy
There is always something to be said, something you can say
There is always something you can ask for, something to do
There is always something to be asked for, something to do
There is always something you can do, something to do
There is always something you can do, something to do
There is always"
romantic,Write a poem about romantic:,1,"""I am happy when you love me; I am happy when you have me; I am happy when you are so proud of me!"" You have to do so, because it will make you feel the love in my heart. But I am happy when you love me, because you are happy when you are so proud of me.
It's true that love is different. I'm happy. I'm happy with you. I'm happy if you love me, or if I don't love"
romantic,Write a poem about romantic:,2,"For you know I have been a girl for a long time,
Who I love and love to live with.
For I love and love to have,
I would not be here to help
your family, or your best friend,
if I could help you,
I would not be here to let
you down, or do nothing,
If I could help you,
I would not be there to hear
your voice,
And my heart would not be opened"
rose,Write a poem about rose:,0,"""The golden ones, the most precious,
Where to go? the most precious ones,
Where to go? to the woods?
And to the woods they said,
Because they were more happy;
Because they were most happy,
Because they were so hard.
""And to the woods, the most precious ones,
Where to go? to the woods they said,
Because they were more happy;
Because they were so hard,
Because they were so"
rose,Write a poem about rose:,1,"It's too much, too fast!
It's too much, too fast!
That's too much, too fast!
That's too much, too fast!
And it's too slow, too slow!
I will not say that I love poetry more,
but I love literature more than any other art.
So I will say that love does not matter,
but love does give up on me.
I will say that love does not matter,
but"
rose,Write a poem about rose:,2,"It was a sweet evening, and we met the great-nephew, a noble-born, great-lady of the rose,
who spoke to us in a kindly way, and said, 'Let us sing a hymn of my love, and my love will live for ever.'
I had heard it sung by some of the bridegrooms from the grooms of that day, for the good of all,
but it was too sweet to sing to my heart"
running,Write a poem about running:,0,"An article about running
This is one of the most common poems,
It's often said that the run of an ordinary day
is the most painful. It's not just a race,
But an emotional struggle,
In which a heart is broken,
Or even a soul is broken.
That's the nature of running,
It's so much more than a race.
How do you run?
Run your run
Every day,
When you get to the"
running,Write a poem about running:,1,"(1) The man who has broken the chain,
and has torn to pieces
the earth,
the heavens, and even the stars
of his own creation.
(2) The man who cannot hold
the chains of his life,
and has set about his work
to destroy
the living world,
the stars of his own creation.
(3) The man who has broken the chain,
and has ripped
the earth
and the stars of his"
running,Write a poem about running:,2,
school,Write a poem about school:,0,"By the time you start your writing this poem it will be too late and you will be dead and cold.
You will be dead and cold in the same way.
This poem will change your life forever
You will be dead and cold in the same way.
This poem will change your life forever
You will be dead and cold in the same way.
You will be dead and cold in the same way.
This poem will change your life forever.
You will be"
school,Write a poem about school:,1,"Go ahead and put it on the screen.
Take an idea to the heart,
Make it real.
Take a picture of it,
Make it your own.
Go ahead and do something really funny
in it,
Make it funny.
Go ahead and do something really funny
in it,
Make it real.
In your head,
In your heart,
In your mind.
Do you want to do a comedy joke?
You want to do"
school,Write a poem about school:,2,"""It's a good thing they don't call it'school,'
They call it'school';
They call it'school';
""It's a school,
And I am happy to teach it.
""It's a good thing,
They do not call it'school,'
They call it'school';
""They do not call it'school,'
They call it'school';
""It's a school,
And I am happy to teach"
sea,Write a poem about sea:,0,"To a fisherman who does sea and to sea fishermen:
I wish to speak with you to find if it can be said
And how to get up and leave the boat.
For you cannot hear me saying but if you say
That I'm not a man of words,
Then I won't be able to hear you say it.
When the waters are calm,
It's like I'm drowning.
But here's the important truth:
I love you."
sea,Write a poem about sea:,1,"If there was so many things I would love, I was willing
To share it in the sea.
If I'd never seen a world that was so beautiful
But my heart beat with so much sadness,
If my heart beat so many words, and all I could do was cry
And hope that it would turn back to nature
And be safe and free.
There is no need to be afraid,
A storm has risen and is heading for us.
But all"
sea,Write a poem about sea:,2,"My heart beats on this wind
It beats through my soul,
A thousand times a day it beats through
It beats through my soul,
But it never stops.
My heart beats on this wind
It beats through my soul,
A thousand times a day it beats through
It beats through my soul,
But it never stops.
My heart beats on this wind
It beats through my soul,
A thousand times a day it beats through
It beats through my"
sick,Write a poem about sick:,0,"And not a friend can tell how much I am sick!
Then you may be a poet,
And tell me when the world is going to make up for its sickness!
And if you will give me your poem,
I will always find you alive.
There is no one alive who has no sickness;
And you will not suffer at all.
'My name,' said he, 'I love you so much.'
Then I saw a figure
Standing"
sick,Write a poem about sick:,1,"Worse,
Innocence,
Thirstless.
The pain of losing something
Gives way to the pain of joy.
It is not, I suppose, the worst kind of pain.
It can be more than death in your sight.
You are sad enough to do this.
You are still grieving.
You are the one who has to bear the burden
By pain, by the loss of something dear.
I am here to make this"
sick,Write a poem about sick:,2,"And write of the night I was sick,
And I heard him singing:
And I sang about his sweet voice:
And he was sad in his heart,
And at my coming home he said:
""You are my mother,"" he said.
""So you're my father,"" I said.
""I know what your mother has meant to you,"" he said.
""And I know you love me, too. And I know I will be your mother,"""
silver,Write a poem about silver:,0,"But I will be the one you are
And the one you think I will be
And the one you think I have left
You could easily write your own poem
Or you could just give it as a word
And you can write it yourself
And then say, ""That's it, I didn't say anything!""
You can even do that in a little longer
And you can do it in a few minutes
It is just one of those things that makes a good"
silver,Write a poem about silver:,1,"If you write for money,
You'll know it by its weight.
Silver is precious, but you're a man
Not to buy it.
I write for people who want to be rich.
I'm not interested in my money.
If I write for money,
You'll know it by its weight.
Silver is precious, but you're a man
Not to buy it.
I write for people who want to be wealthy.
What would you do"
silver,Write a poem about silver:,2,"That's silver-gold-yellow. That's silver-yellow-silver.
That's silver-gold-yellow-silver.
That's silver-gold-yellow-silver.
That's silver-gold-yellow-silver.
You'll never understand silver-gold-yellow-silver again,
You'll never understand silver-gold-yellow-silver.
And no one else can do it,
In a different place.


Dear Sir/Madam/"
sister,Write a poem about sister:,0,"Love love love love love love love love love love love love love love love
Love love love love love love love love love love love love love love love love love love
Love love love love love love love love love love love love love
Love love love love love love love love love love love love love love
love love love love love love love love love love love love love love love love love love love love love love love
love love love love love love love love love love love"
sister,Write a poem about sister:,1,"(And her poetry is always a poem of joy):
(I, her sister)
Let her tell us this:
Don't forget the love,
Let us think of her love.
If she is a boy,
She won't know to let him see her.
You cannot give a sister child,
Let her know that you love.
The sister who will always love
Always will love you.
So long as you love a boy,
Don't"
sister,Write a poem about sister:,2,"Dear, sister,
I have a lot of questions.
I know you have a lot of worries.
But if I'm going to speak to you,
I need to know the answers.
My sister is a sweet girl
I would like to meet her.
She looks a lot like me
but you are so sweet.
I want to give her a name.
She needs a name.
Thank you so much.
I wish you could come visit me"
sky,Write a poem about sky:,0,"Dear Lord, you are a mighty beacon of peace
Let me sing it so I can see a friend
The sky is full of flowers and the stars are all in the sky!
Love, peace, joy, love.
Dear Lord, you are the most beautiful sky
Love, peace, joy, love.
Dear Lord, you are the most beautiful sky.
Love, peace, joy, love.
Dear Lord, you are the most beautiful sky.
The sky"
sky,Write a poem about sky:,1,"""I never dreamed of flying,
but what's the best place to fly?
My father's a hound;
I can't remember his name,
nor his place, nor the sky.
His father is ill,
yet so rich,
but in heaven he lives,
and he has his family.
I love the sky,
and I can't bear the cold of it,
and I couldn't bear the wind of it.
He must be"
sky,Write a poem about sky:,2,"For the best, as is the case with birds,
From the night I see them soaring to heaven,
And the clouds that they have borne long on my face.
And to this day,
I write a poem about sky—
For the best, as is the case with birds,
From the night I see them soaring to heaven,
And the clouds that they have borne long on my face.
And the skies that they have borne long on my face."
sleep,Write a poem about sleep:,0,"Dreaming of another day, in thy dreams; and
When I dream, I remember
The name of the child;
In the dream, and in my dreams
A dream about you!
And in my dreams,
A dream about you!
And in my dreams,
A dream about you!
It is my dream,
You will know my dream!
This Dream
Dreams.
Let me dream and say this one:
Dreaming of another day"
sleep,Write a poem about sleep:,1,"Sleep is no way to sleep,
Sleep is too short,
Sleep is not a way to learn
Sleep is too short,
Sleep is not a way to love
Sleep is a way to become a good lover
Sleep is short,
Sleep is not a way to spend time
Sleep is short,
Sleep is not a way to play
Sleep is short,
Sleep is not a way to get a job
Sleep is short,
Sleep is not a way to"
sleep,Write a poem about sleep:,2,"The first night of your life.
The first waking.
Sleep is a slow, quiet, and safe feeling,
Where every morning is a challenge, a time of hope,
When you come to rest.
Sleep makes you feel as if you are alive
And when you wake up, you feel a great deal of joy
And as your brain fills with energy.
Sleep helps you to relax and find joy.
Sleep also helps you to focus on something:
The"
snake,Write a poem about snake:,0,"Door to door - door closed - door open
-door closed - door closed
Do you know the meaning of this line of poetry? - you know a secret:
You know what a snake is? - you know the most important thing:
You know what a snake is? - you know the meaning of this poem:
You know what a snake is? - you know the meaning of this poem:
You know what a snake is? - you know the meaning of"
snake,Write a poem about snake:,1,"A snake is a serpent's tail,
A snake is a snake's mouth,
A snake is a snake's neck,
A snake's mouth is a snake's back,
A snake is a snake's tail,
A snake is a snake's head,
A snake is a snake's hand,
A snake is a snake's tail,
A snake is a snake's leg,
A snake is a snake's eye,
A snake is a snake's nose"
snake,Write a poem about snake:,2,"""I've heard the name of a snake,
Which has been spotted
In the trees,
In the grass,
In the bushes,
And I think I hear the name of the snake...""
It was a good friend of my father.
He was a snake with a large jaw,
A snake that had a very large belly and large hands.
His eyes and ears were big and thin.
He was a snake who had long, curved tails.
When"
soldier,Write a poem about soldier:,0,"The war of 1812 came
and the people were proud and happy
To make the war
Great. It was so good
At that time, a proud man fought
The war on the world's most beautiful
Taken in a single day
And fought by his son
And his daughter, and his daughter
All they could do was to fight
The war with their hearts in their hands
With a gun on the battlefields
And a bullet flying around them
That"
soldier,Write a poem about soldier:,1,"""Troubleshoot the enemy."""
soldier,Write a poem about soldier:,2,"When your face is red or in your sweat or
You go through a period of depression,
It is important that you do not fall asleep.
When your face is reddish or
It is your family member or family member's face.
When your body is swollen or you do not feel good.
A soldier is not the same as a person who is weak,
A soldier is not the same as a person who is happy.
When your body is white, and"
sometimes,Write a poem about sometimes:,0,"a good poem is
one that says something like ""what I do to my soul""
When you're like I, where is my soul?
How can I get past the pain of death?
When I live in a place where nothing else matters, where no one's ever talked about it,
How can I escape the pain of death?
What does the pain of life have to do with my name?
What does the pain of life have to do with my name?"
sometimes,Write a poem about sometimes:,1,"When we are not there
When you are not there
Then it is you
I cannot forgive you
For what I did
I did
So when we are not there
Then it is you
I cannot forgive you
For what I did
So when we are not there
Then it is you
I cannot forgive you
And when we are not there
Then it is you
I cannot forgive you
So when we are not there
Then it is you
I"
sometimes,Write a poem about sometimes:,2,"how one has to wait for someone else to do the same—and how if somebody comes in to listen to them, it's a pain in the ass to wait. Or how one has to know how to get to others at the same time—and how much time it takes to find them—and how it makes one a better parent and a better person.
This isn't to say that writing an poem is not as bad as writing poems. It's to say that it isn't as"
son,Write a poem about son:,0,"and when he comes to know, he shall find a good way to live;
But, when he comes to think, he shall find nothing;
And, when he comes to realize, he shall be no more:
That he is not born to a world, that he shall not die;
But, when he comes to know, he shall not die to God;
And, when he comes to love, he shall be no more:
That he is not born to a"
son,Write a poem about son:,1,"You are your own son,
And you are your own son!
You are your own son.
You are your own son!
You are your own son!
He is your son!
He is your son,
And you are your own son!
You are your own son!
</p>
</p>
</p>
</p>
</p>
</p>
</p>
</p>
</p>"
son,Write a poem about son:,2,"I was watching you while I was watching my son
It's one of the most beautiful things that can be said
I'm trying to find all the beautiful things I could ever want
To tell stories to my son's friends
When I was listening
To my son's words I couldn't help but feel
A strong, clear, powerful feeling
I know it's an emotional story
It's something I want to tell my son
I wish his parents would get over this"
song,Write a poem about song:,0,"""Caught up in the flow of time:
The first things I think of are the poems and songs I sing:
The first thing I think of is the life itself.""
•
""One day I would be
My own person,
A living thing.
""It is like a fairy tale:
The last moments I hear are the words.
""I have taken over
My life;
I am the only living thing.
""This life is the"
song,Write a poem about song:,1,"My poem was written in love
With a beautiful melody
And the song was so melodic
That my heart was in love
And her thoughts were so joyful
But her thoughts were so sad
To sing the same song
And have this same melody
But still to play the song
And sing the same song
And I was in love
But she was in love
And I was sad
I sang the same song
And I was in love
But I was sad"
song,Write a poem about song:,2,"In the world's greatest song, you have to sing
In harmony; in a song of romance, you have to sing
In harmony; in a song of love, you have to sing
In harmony; in a song of pride, you have to sing
In harmony.
Lyrics to Love:
""We sing songs as songs, in order to sing
Let us sing for the pleasure of others;
Let us sing for the sake of ourselves.
Let us sing"
sorrow,Write a poem about sorrow:,0,"It is not just the sorrow that's hurt, it's what it is.
It is the sorrow that comes through the tears of sorrow
and the sorrow that comes through the tears of sorrow.
</p>
</p>
</p>
</p>
</p>
</p>
</p>
</p>
</p>
</p>
</p>
</p>
</p>
</p>
</p"
sorrow,Write a poem about sorrow:,1,"I shall be so glad to hear
Of your heart, and you will be so gentle.
You shall be so silent and silent
And then you will come up and live in the world
With all the angels in your sight.
You shall be so silent and silent
And then I will sing a song,
And then I will do the greatest joy
To your heart and your life.
If I cry and I weep
I will sing to your heart and your life"
sorrow,Write a poem about sorrow:,2,"The pain and pain are so intense
That nothing goes away,
Yet we cling
To the same love and sorrow
Through the light and light of your day.
There's no difference between us
And your heart is filled with pain
So you're still breathing
In the same way.
There's no difference between us
And your heart is filled with pain
So you're still breathing
In the same way.
Here's an old story I have to tell you"
spring,Write a poem about spring:,0,"it is a very good time to write about the summer, the summertime of summer, the falltime of summer.
—Paddy
As summer begins, we should keep our spirits high on the mountains.
—John Muir
The autumnal twilight is on our horizon.
—Catherine
Every year we wish to stay near the mountains.
—Paddy
In the summer we should be able to see the sun from afar.
—Catherine
Summer will be"
spring,Write a poem about spring:,1,"'This year, my spring began with my love, and a beautiful hand was my hand.' That day, my love, my love, my love, my love, my love was that spring: and a beautiful hand was that hand.'
Then the day turned to the autumnal season: and the day that turned to the autumnal season, my spring began with a beautiful hand. Then the day turned to the autumnal season, my spring began with a beautiful hand.
The autumnal"
spring,Write a poem about spring:,2,"A poem on this day,
When the sun sets and the morning light breaks,
I wish this was a poet who would write
A poem about spring
In a poem that begins,
How can I express the feeling of spring
In a poem that begins,
How can I express the feeling of spring
In a poem about spring
In a poem that begins,
It is a poem on that day
that ends and begins the poem
The poem is a poem
on"
star,Write a poem about star:,0,"The moon, that is beautiful, shining in the sky, is beautiful. But, when she shines, she is too beautiful to shine; and her name is not beautiful, she is too beautiful. Then, she who is beautiful must be born; for, and yet, she that is beautiful must not become; and she who is beautiful must not be born. Therefore, it seems to me that the name of my Lord is to shine in the sky, not as an emblem of His praise,"
star,Write a poem about star:,1,"Spirits have wings
They fly about,
They come about.
Their wings are wings,
They fly,
The sun's wings,
The stars' wings.
And so it is,
When we speak,
Our voices and our thoughts
Have not a single line.
Or our words.
Or our words.
Or our words.
We are all the same thing.
Our wings are wings.
Our minds are wings.
Our hearts"
star,Write a poem about star:,2,"""Your hair is long,
And it grows down,
And you never wear it in your hair.
The sky is round,
And you are standing still;
But when you look across,
Or how many of them you see,
Or where they are,
Or you look up at them—
You see your face—
And when I look away,
I can't see you.
You're not a star;
You're a thing I can"
success,Write a poem about success:,0,"It is a good thing to give up the dream!
It is a good thing to lose the sense of fulfillment
And it is a good thing to give up the dream for good!
It is a good thing to be free from the stress and worry
That often comes with failure and the despair of failure
And it is a good thing to be free from the pain and frustration
And it is a good thing to be free from the fear and disappointment
And it is a good"
success,Write a poem about success:,1,"Success is a gift, it was promised.
Success is a gift that will last forever.
Success is an opportunity that will never be wasted.
The first thing you should ask yourself is:
What will your life be like if you fail?
Is success guaranteed?
Is success free?
Do you believe in love?
Does your life be worth living?
Is your life worth dying for?
Why do you love the beauty of your lives?
What do you"
success,Write a poem about success:,2,"You will read about yourself as an inspiration.
There will be an idea or two that will get you into action.
Write a poem about success that will get you into action.
When you have a dream or a plan in mind, you are doing it right.
You will write things that will get you into action.
You will love poetry.
When you have a dream or a plan in mind, you are doing it right.
You will be an inspiration."
suicide,Write a poem about suicide:,0,"Every time I read a poem about suicide,
I hear my heart beating louder and my voice louder,
Even as I read poetry about suicide,
Every time I read a poem about suicide,
I hear my heart beating louder and my voice louder,
Even as I read poetry about suicide,
The last words that I hear in my head are the last words that I've ever heard again,
I'm not a suicide bomber, I'm not a suicide bomber,
But"
suicide,Write a poem about suicide:,1,"https://t.co/tR6vjK3tZO pic.twitter.com/QZWm8wXzfk — Tristyn Hill (@TristynHill) October 23, 2016
Facts and figures have been released this year to show suicide rates are skyrocketing in America.
""While suicide is a serious problem, suicide is not,"" says the National Suicide Prevention Lifeline. ""For many years, the suicide rate in America was"
suicide,Write a poem about suicide:,2,"How often do you hear a poem like that?
How often do you hear a poem like that? You are reading a poem about suicide. I'd love to hear you comment.
You are reading a poem about suicide. I'd love to hear you comment. I can't get on Twitter for two hours. I'm just trying to get to the top of my post.
But please help me by commenting. I want to hear your comments, because there's so much I want to"
summer,Write a poem about summer:,0,"A beautiful summer is the autumnal of the pine
There is also the warmest summer, a warm winter,
A beautiful spring is the autumnal of the pine
So how is a poem such as this?
It is such a poem but is it so complete?
You have to hear this poem in the forest in the woods,
And it will seem so plain to you.
When I was in high school and my teacher said I could sing in school,
Then"
summer,Write a poem about summer:,1,"How lovely is the weather when the birds are still flying
And when the wind is cold, how much snow is in the air
Or when the rain is falling, how much rain is falling
In the winter we find that summer is warm and full
In the summer we find that summer is cold and full
In the summer we find that summer is cold and full
In the summer we find that summer is warm and full
In the summer we find that summer is cold and full"
summer,Write a poem about summer:,2,"The rain fall,
The sun rose,
The sky turned gray.
No springtime of joy,
No merry summer,
No rainy season,
No joyful summer.
When my poems are good,
I don't need more time to write.
And what are the poems I should be writing?
I shouldn't be writing this,
I should be writing it.
I should be writing about the way I see the world
And the love that springs"
sun,Write a poem about sun:,0,"And it said: sun, sun, sun, sun
(Oh my sun and her sun I love, I know),
I love sun but can't do it for you
Sun, sun, sun, sun, sun, sun
(oh my sun and her sun I love, I know),
I love sun but can't do it for you
Sun, sun, sun, sun, sun
(oh my sun and her sun I love, I know)
I"
sun,Write a poem about sun:,1,"Sun shines from a distance
How bright the moon shines in a day.
How bright the stars in the night.
How bright the sun shines in a day.
How bright the sun shines in a day.
How bright the sun shines in a day.
How bright the sun shines in a day.
How bright the sun shines in a day.
How bright the sun shines in a day.
Sun, Moon, Stars, Sun, Sun.
Sun, Moon,"
sun,Write a poem about sun:,2,"A young lady's eyes are bright,
Her eyes sparkle with joy.
A young lady's eyes glow with joy.
A young lady's eyes glow with joy.
Blessed is the girl who loves her brother
With a love of the night sky.
A child's heart is full of joy
And a girl's heart is full of joy
Blessed is the girl who loves her brother with love of the night sky.
A child's heart is"
swimming,Write a poem about swimming:,0,"What I learned in school is like swimming.
I do not know how much I swim, or how many days I swim.
I am still learning, but I am learning too quickly.
I have to stop looking.
I am swimming in a river.
You can swim right now.
I will catch my breath.
You know what I'm going to do when I come out?
I will swim along with you.
We are two rivers that are one big"
swimming,Write a poem about swimming:,1,"A poem about swimming:
Diving into the water in a glass
A poem about swimming; diving into the water in a glass
A poem about swimming in a glass
A poem about swimming in a glass
A poem about swimming in a glass
A poem about swimming in a glass
A poem about swimming in a glass
A poem about swimming in a glass
A poem about swimming in a glass
A poem about swimming in a glass
A poem about swimming in a glass"
swimming,Write a poem about swimming:,2,"It's just a poem
And I hope you will love it too
And just imagine it to yourself
And try to imagine what you will do
And just say it again
Oh, oh, oh, oh, oh, oh, oh, oh, oh, oh, oh, oh, oh, oh, oh, oh, oh, oh, oh, oh, oh, oh, oh, oh, oh, oh, oh, oh, oh, oh, oh, oh"
sympathy,Write a poem about sympathy:,0,"""Why am I not a stranger, to be friends with you, who always, always make me feel right in your midst? That is the beauty of being a human being. Not a human being, but one of the most beautiful people on earth. And yet it makes me feel different, less than I ever have felt before. It makes me think of my friends; not that I am anything else, but as a human being. And now, to be friends with you, you must all"
sympathy,Write a poem about sympathy:,1,"I've never been a compassionate person. I've never been a gentle person.
I've never been very good at saying ""thank you.""
When I say ""thank you,"" I mean I'm not saying ""I'm sorry for what happened""
I'm saying ""you've never deserved that loss, for your actions, for your efforts, for the people that helped you.""
That's not a good feeling, that's not the kind of person I am.
What I"
sympathy,Write a poem about sympathy:,2,"'I pity you for the poor. Do not pity us.'
The poem makes us weep for you.
'You are my friend. You are my friend. I am so ashamed of you. Let me pity you for the poor. I pity you for the poor.'
Sorrow is not only used to support our friends. It is used to protect them from a loss.
'I pity you for the poor. I am so ashamed of you. Let me pity you for"
teacher,Write a poem about teacher:,0,"The girl's story
As I write
The teacher's love of the poem.
The teacher's story about me.
The teacher's story about the poem.
The teacher's story about me.
The teacher's story about the poem.
The teacher's story about me.
The teacher's story about me.
The teacher's story about me.
The teacher's story about me.
The teacher's story about me.
The teacher's story about me."
teacher,Write a poem about teacher:,1,"The Teacher
The Teacher
The Teacher
The Teacher
The Teacher
The Teacher
The Teacher
The Teacher
The Teacher
The Teacher
The Teacher
The Teacher
The Teacher
The Teacher
The Teacher
The Teacher
The Teacher
The Teacher
The Teacher
The Teacher
The Teacher
The Teacher
The Teacher
The Teacher
The Teacher
The Teacher
The Teacher
The Teacher
The Teacher
The Teacher
The Teacher
The Teacher
The Teacher
The"
teacher,Write a poem about teacher:,2,
thanks,Write a poem about thanks:,0,"Thankfulness is the greatest happiness
And we always strive to get it
When gratitude is too little we get it,
The best way to do it is to say thank you.
The most beautiful thing about gratitude is
How it gives us power
To make our life better,
To make us happier.
Thank you as much as we can
How much more you'll do for us
When thankfulness is too much we get it.
Thank You with your own heart"
thanks,Write a poem about thanks:,1,"Thank You, I can't stop singing
I could never forgive you
I couldn't be mad at you
You made my life worth living
I can't be mad at you
You could never forgive me
I couldn't be mad at you
I could never forgive me
I could never forgive you
I could never forgive you
I can't be mad at you
It made me happy that you were right
I felt you were right
Thank You, I can't"
thanks,Write a poem about thanks:,2,"""Thanks for you, you make me feel blessed and true to the grace I give you. It is no small miracle; thanks to you we have given ourselves up to your kindness and the gratitude it brings me. If you were not the only one to do so, if you had never been one of your kind, I would not have been able to tell you to come to me with your hands in hand. It is because you are so generous to me that my life is still worth living"
time,Write a poem about time:,0,"Time is not an invention,
It is a reality.
It is time to be remembered,
Time is not a burden.
Time is not a day-dream.
Time is not a year-dream.
Time is not a new time-dream.
Time is not a long-lived time-dream.
Time is not a day-dream.
Time is not a month-dream.
Time is not a day-dream.
Time is not a"
time,Write a poem about time:,1,"And as you speak in your time
Of the world,
And as you remember the time
Of the world,
And as you sing
The song of the past,
The songs of the future
And as you sing
The song of the future
You will be forever, forever, forever
For there you will stand
In the moment you sang
the song of the past
And you will be forever, forever, forever
For there you will sing
The song"
time,Write a poem about time:,2,"A Time of a Dream
Told me so.
Time of dreams is not here, time of a dream.
Time of dreams is an all encompassing thing.
Time of dreams is only here to bring you to this place.
Time of dreams is as we saw it in the moon and the stars.
Time of dreams is as we saw it in the air.
Time of dreams is as we saw it in the sky.
Time of dreams is a dream."
today,Write a poem about today:,0,"The day is a day of reckoning.
I am the day that you may feel a certain joy.
You will feel a certain sadness in your heart.
The day is a day of closure.
You are the day that you will find peace in your heart.
You will find joy in your heart.
Your day will be happy and joyful.
Your day will be full of joy.
You will be glad for tomorrow.
Your day will be happy and joyful."
today,Write a poem about today:,1,"My life is a song.
And love is a song.
And the stars are a song.
And your family is a song.
And your friends are a song.
And you are a poem.
And we are a song.
And you are a poem.
And we are a poem.
But you are a poem.
And you are a poem.
But we are a poem.
And we are a poem.
So you are a poem"
today,Write a poem about today:,2,"And how I shall be a man of heart
To the way the moon fills the sky
I shall live life long as the sun does
And tell myself I am a man of art
And make my dreams the reality
I shall be a man of love
And write my poems the way the moon fills the sky
I shall not die without it
and if one man dies, how shall I be happy?
To make a man of man who dies
and never forget me"
together,Write a poem about together:,0,"What I've written:
""We were born together and we grew apart
This time
We're a couple
But it's different in this way
Our first language is a curse
So what I'm writing is a story
""Our first language was English
But now our language is
Blah blah blah
""The first thing I wrote was this poem
The second thing I wrote was this poem
""We were born together and we grow apart
""That's why"
together,Write a poem about together:,1,"""Love and hate in the world are not something we know at all,
But when we don't have anything else to say, we love
This man so much that his wife and kids are all happy,
And when he's not around, he's lonely, and he's sick and poor,
And it's not because he's mad or angry or unhappy or sad, it's because he's loved and cherished
And all his life he's just a bad, angry man"
together,Write a poem about together:,2,"The day I left my own home at eight,
It was too late to make it out
For the little girl who lives beside me.
My tears had been so full.
When the day I left my own home
The day I left my own home at eight
The day I left my own home at eight
The day I left my own home at eight
She said: 'Well, I can't go now'.
And the day I left my own home"
travel,Write a poem about travel:,0,"Take you with us.


A poem about travel:
Take you with us.


A poem about travel:
Take you with us.


A poem about travel:
Take you with us.


A poem about travel:
Take you with us.


A poem about travel:
Take you with us.


A poem about travel:
Take you with us.


A poem about travel:
Take you with us.


A"
travel,Write a poem about travel:,1,"For the first time in my life,
I can share my journey
with a stranger in another state of being.
I've been traveling here and now
and it feels like my journey's just begun
You have read and shared my journey,
I've shared your feelings and ideas
and the stories they tell
that will change your whole life.
The journey has been worth it
to me,
I hope you'll continue to follow your journey
for a longer time"
travel,Write a poem about travel:,2,"I'll have all the way to Boston
When I get home
I'll have all the way to Boston
When I get home
I'll have all the way to Boston
When I get home
I'll have all the way to Boston
The sun rises and sets
A bit of light goes out
The sun rises and sets
The light goes out
I'll go to sleep in a bathtub
The sun goes out
I'll go to sleep in a bathtub"
trust,Write a poem about trust:,0,"The power of trust in poetry
In the first chapter of the Poems of Wisdom:
When a child has trusted you, he or she has always believed you,
The only way you can trust them
When you are not safe, he or she has seen you,
They know you are not loved,
They will say something to the effect of,
That you are not safe,
To which they might say, ""I love you. But if I lose you, I"
trust,Write a poem about trust:,1,"Share

The world is a scary place
Who knows what the future holds?
Who knows what the future will hold?
Who knows how much the world will make of it all?
What are the people's hopes for us
And what will they be like?
Who knows how much they will make?
Who knows how much they will be like?
Are they good people or bad people?
Do they know the future is bad or good?
What do we all"
trust,Write a poem about trust:,2,"Trust was founded on trust,
From the beginning
To give your trust to everyone and everything.
Trust was founded on trust,
From the beginning to give your trust to everyone and everything.
Trust was founded on trust,
From the beginning to give your trust to everyone and everything.
Trust was founded on trust,
From the beginning to give your trust to everyone and everything.
Trust was founded on trust,
From the beginning to give your trust to everyone and everything"
truth,Write a poem about truth:,0,"What you see can be a revelation:
You see how many mistakes you made:
You see what's in your mind.
You see who you are:
What's behind you.
What you like best:
You know who you are:
You see what's in your mind
You are like a beacon of light.
And then you become a liar:
What you see can be a revelation:
Who you are.
Who you are as a shining beacon"
truth,Write a poem about truth:,1,"As far as I know, I never learned the truth,
And I did not know the truth.
""Thou art like a flower,
Thine own life is one and all,
It is an endless stream
Of self-contradiction.
""Thou art like the wild,
Thine own life is one and all,
It is a endless stream of self-contradiction.
""Thou art like a river,
Thine own"
truth,Write a poem about truth:,2,"The more you write, the happier you are.
But there is one more point to remember;
The poem is an expression of your own pain.
You write about something, or something you are sad about,
And the thought of that is what is really hurtful.
But you also are afraid.
Your emotions are not your problems.
You cannot be true to yourself.
Truth comes before you or with you.
You are not the problem of you."
war,Write a poem about war:,0,"The war to free war from the arms of man.
A nation that has been in the war
Against a foreign enemy for a long time,
A nation that has suffered from the wrong kind of enemy
I hope to discover a friend.
War, love, war are very different
To each other's sense of humor.
Our friendship is a kind of peace that is born and dies;
The same love that we both share is a peace that is not yet founded."
war,Write a poem about war:,1,"""Do you want to stop the war?""
""I don't want to see this,""
""We'll start tomorrow,""
""This is your war!""
""Avenge your losses?""
""We're not going to let this be,
That is a lie!""
""I want peace, my son,""
""I can't let this be,
That is a lie!""
""I want peace, my son,""
""I want peace, my son."""
war,Write a poem about war:,2,"What you can't do!
The war will ruin your peace!
I am not writing a poem of war.
I am a poet,
I write poetry to defend the people.
The war is not yet over,
I am writing this to help the people.
There are many things that need to be done,
There are other things that need to be done.
I can't put out my life with words.
My wife is in prison,
She"
warning,Write a poem about warning:,0,"The last words of the poem could be read as warning
The last words of the poem would be written in a more poetic, poetic tone
The first one might be a warning: If you do not obey the law, then you are trespassing
The second one would be a warning: If you refuse to obey the law, then you are trespassing
The third one might be a warning: If you refuse to obey the law, then you are trespassing
The fourth one might be"
warning,Write a poem about warning:,1,"When I come to you with my soul
Let me know that you are with me
And that you may have no fear of me
If you have a heart,
Let me know that you are with me
and that I love you
For my love and my love is with you
And my love is with you
When I come to you with my soul
I will be with you
and love you
For my love and my love is with you
and I love"
warning,Write a poem about warning:,2,"""All these things are the work of a single soul
And the work of many hands.""
""Who is the master of all?""
""That is my answer, and as I have read it,
I do not think I will ever remember it.""
-Thomas Wolfe
~
""In the name of God, I am speaking
Through my own words, and I will repeat it in the
Word, and I will write again the name
Of the Word, I"
water,Write a poem about water:,0,"What are you doing in my garden
Which I've never seen, but can see now?
In your garden, I'll be sure
That your gardens are full
Of water, of course.
But for the sake of the water in your gardens,
What do you have to show me?
Or say what you have to say!
But you are an empty house
And if I come near, how is that I should be glad
Of water?
Now,"
water,Write a poem about water:,1,"Water's been a symbol of our nation and our land, for over two thousand years. It is the emblem of our culture and the symbol of the people,
a symbol of a country that has never lost sight of the people. But this water symbol is not the same water we drink every day. It is the water that has stood the test of our history.
This water symbol comes as no surprise to you. It is from water that our nation fought for and the symbol of our"
water,Write a poem about water:,2,"For I know that water is my drink, and it's my life
and I know that water is my friend, but why should I drink it?
For I know that water is my drink, and I can see that it's not drinking water
that the water drinker drinks.
For I know that water is my drink, and I can feel that water in my heart
and breathe it in.
For I know that water is my drink, and I can feel that"
weather,Write a poem about weather:,0,"Weather the world is cold, but it is warmer than in summer.
You will need rain to maintain a happy and well-fed life.
Weathering the world is not necessary, but a very important part of life.
You will need rain to maintain a healthy and well-fed life.
You will need rain to maintain a healthy and well-fed life.
Weathering the world is not necessary, but a very important part of life.
You will need rain to"
weather,Write a poem about weather:,1,"http://imgur.com/a/q6Oo
Winter comes after the sun, but at night
the cold and the fog
in the mountains
we see mountains that are not
free of snow
the winter is over;
the nights are cold, but at night
we see mountains that are not free of snow
the winter is over;
the nights are cold, but at night
we see mountains that are not free of snow
the winter is over;"
weather,Write a poem about weather:,2,"A poem about weather:
A poem about weather:
A poem about weather:
A poem about weather:
A poem about weather:
A poem about weather:
A poem about weather:
A poem about weather:
A poem about weather:
A poem about weather:
A poem about weather:
A poem about weather:
A poem about weather:
A poem about weather:
A poem about weather:
A poem about weather:
A poem about"
wedding,Write a poem about wedding:,0,"Happy wedding day!
Wedding day is going to be perfect
I will give my love and attention
I love to talk
I will give my attention to other
I will give my attention to other
I will give my attention to other
I will give my attention to other
I will give my attention to other
I will give my attention to other
I will give my attention to other
I will give my attention to other
I will give my attention to other"
wedding,Write a poem about wedding:,1,"""Laughter and good music…one of the most beautiful things we could ever hope to have
a son!""
In all our thoughts
is the love between husband and wife,
and what may one day be the great story of the day?
I have never seen my father as a person
and I think it will be very sad to hear the saying.
""You should be happy when you have children,
but you have not been able to be happy.""
"""
wedding,Write a poem about wedding:,2,"Your friends and your family are all wonderful
Your home, your home, your home, your home...and you are one of them
You can only express love by writing the poem
</p>
Your heart is a song,
The song is my heart
</p>
Your heart is a song
Your heart is one of me
</p>
Your heart is one of my soul
</p>
Your heart is a song
</p>
</"
winter,Write a poem about winter:,0,"Welcoming me with a hug and a smile
I ask for your patience
I feel your pain, your tears
I pray for a safe home, a place
To breathe and know where I am
My heart and the air are a beautiful harmony
I will never forget your voice
Your soft heart and smile
I will never forget your way
I will never forget that night and the night
I want you to know I love you
In the summer that I sleep"
winter,Write a poem about winter:,1,"The world is cold with all our bodies.
We go to get food: cold, cold.
And we are cold in the cold.
We go to put on a coat.
We lie on a blanket in the middle of the street
Where there is snow.
We eat cold food in the street.
The world is cold without all our bodies.
We go to put on a coat
Because we are cold in the cold.
But we are cold in the"
winter,Write a poem about winter:,2,
work,Write a poem about work:,0,"The poem is a metaphor for an individual, in a particular way. Each poem has a meaning to each person. It is, in a way, a way of knowing the person, their time, their place, their love and their self. The poems are, like the words of the language of the language, the words of the language of the word. What we understand of work, of art, of literature, or of art: they are symbols of the person, of the work. The"
work,Write a poem about work:,1,Here are the lyrics of the first song of the last song of the last song of the last song of the last song of the last song of the last song of the last song of the last song of the last song of the last song of the last song of the last song of the last song of the last song of the last song of the last song of the last song of the last song of the last song of the last song of the last song of the last song of the last
work,Write a poem about work:,2,"Work or work?
You can't say no
You can't say no
Work?
How can we get away with it?
It's a trap
You've got to get back to work
You have to get out of your mind
When it is not in your mind
It's very hard to get back to work
You're not going to give back that much
You're not going to give back that much
Work is like a gift
If you want"
world,Write a poem about world:,0,"What can they hear?
How can they feel?
What can they say?
How can they look?
How can they say?
What can they talk?
How can they say?
How can they say?
What can they say?
What can they say?
What can they say?
What can they say?
Why can they say
What can they say?
Why can they say
What can they say?
Why can they say"
world,Write a poem about world:,1,"From a poem, for a poem,
And from a poem, for a poem,
And from a poem, for a poem,
Which you will learn,
By what a poem, for a poem,
I am, at this time,
To the same poem,
That you will learn,
By what a poem, for a poem,
I am, at this time,
To the same poem,
I am, at this time,
To the"
world,Write a poem about world:,2,"My dear my dear my dear my dear
I am writing a poem about the world
I am writing a poem about the world
Oh my dear my dear my dear
I am writing a poem about the world
I am writing a poem about the world
I am writing a poem about the world
Oh my dear my dear my dear
Oh my dear my dear my
Dear my dear my dear my dear
I am writing a poem about the world
I am writing a poem"
